EmbINum,EmbAñoFRlt,EmbAñoIni,EmbAñoFin,EmbNom,EmbDatTip,EmbDatIHid,EmbEtaTip,Abr,May,Jun,Jul,Ago,Sep,Oct,Nov,Dic,Ene,Feb,Mar
1,F,2009,2009,Lago Laja,EmbQExtCnv,1,EtaMes,43,41.5,42.6,42.8,42.3,42.1,46,61.2,67.8,87.9,53.5,52.1
2,F,2009,2009,Lago Laja,EmbQExtCnv,2,EtaMes,43.2,42.2,42,44.9,50.4,50.4,42,44.6,69.5,91,91.9,83.2
3,F,2009,2009,Lago Laja,EmbQExtCnv,3,EtaMes,58,55.4,51.1,50.4,45.8,42.1,41.8,45.6,39.5,63.4,61.8,60
4,F,2009,2009,Lago Laja,EmbQExtCnv,4,EtaMes,49.4,47.7,47.2,48.7,49.2,50.3,48.7,41.5,46.6,76.6,83.8,80.4
5,F,2009,2009,Lago Laja,EmbQExtCnv,5,EtaMes,73.8,54.3,41.3,40.8,40.2,41.3,44.7,45.9,47.6,56.5,54.8,52.9
6,F,2009,2009,Lago Laja,EmbQExtCnv,6,EtaMes,45.3,47,48.9,52.2,51.7,59,39.5,41.7,44.2,72.2,71,66.6
7,F,2009,2009,Lago Laja,EmbQExtCnv,7,EtaMes,52.9,51.6,48.9,45.3,51,46.4,43.3,44.2,45.9,69.7,70.8,64.5
8,F,2009,2009,Lago Laja,EmbQExtCnv,8,EtaMes,56.2,51.9,41,38.8,42,43.3,51.6,48.7,55.9,106.4,64.7,61.8
9,F,2009,2009,Lago Laja,EmbQExtCnv,9,EtaMes,51,50.2,47.1,46.6,47,46.9,47.2,47.4,46,48.2,46.7,45.4
10,F,2009,2009,Lago Laja,EmbQExtCnv,10,EtaMes,36.9,38,41.2,49.2,50.9,48.4,50.7,55.7,58.3,112.3,87.2,47.6
11,F,2009,2009,Lago Laja,EmbQExtCnv,11,EtaMes,41.7,41.2,41.8,41.8,42,42.3,45,66.5,67.2,63.8,53.9,48
12,F,2009,2009,Lago Laja,EmbQExtCnv,12,EtaMes,37.8,39.6,39.1,43.5,53.7,49,54.2,54.3,58,82.6,48.3,47.3
13,F,2009,2009,Lago Laja,EmbQExtCnv,13,EtaMes,38.4,46.9,45.8,56.5,43.6,47.6,47.5,45.1,57.6,67,65.7,61.9
14,F,2009,2009,Lago Laja,EmbQExtCnv,14,EtaMes,51.3,50.7,49.2,48.1,47.7,46.8,45.6,45.3,44.8,83.1,111.9,43.9
15,F,2009,2009,Lago Laja,EmbQExtCnv,15,EtaMes,40.7,40.3,41.1,41.1,41.1,41.5,54.2,61.8,67.4,72.9,48.4,47
16,F,2009,2009,Lago Laja,EmbQExtCnv,16,EtaMes,39.8,41,42.4,46.3,50.2,42,59.2,47.7,60.3,90.9,97.7,46.7
17,F,2009,2009,Lago Laja,EmbQExtCnv,17,EtaMes,59.5,40.3,39.4,39.4,39.5,40.8,50.5,59.8,60.4,66.4,56.3,54.5
18,F,2009,2009,Lago Laja,EmbQExtCnv,18,EtaMes,43.3,42.7,44.2,47.2,47.4,62.7,47.5,40.5,53.9,76.6,74.2,66
19,F,2009,2009,Lago Laja,EmbQExtCnv,19,EtaMes,58.6,46.5,39.4,41.6,51.6,47.4,42.1,39.8,62.3,77.2,74,68.7
20,F,2009,2009,Lago Laja,EmbQExtCnv,20,EtaMes,57.5,38.1,40.3,38.7,46.4,45.6,57.1,49.6,56.2,75.9,50.9,43.5
21,F,2009,2009,Lago Laja,EmbQExtCnv,21,EtaMes,45.3,39.5,42.6,46.3,47,52.7,52.6,52,51.5,70.8,68.8,42.2
22,F,2009,2009,Lago Laja,EmbQExtCnv,22,EtaMes,48.5,43.2,48.7,46.7,47.7,47.1,47.2,51.5,49.1,88.9,89.1,80
23,F,2009,2009,Lago Laja,EmbQExtCnv,23,EtaMes,43.3,43.4,46.6,47.4,63.4,43.2,45.1,44.7,52,66.2,65,61.9
24,F,2009,2009,Lago Laja,EmbQExtCnv,24,EtaMes,49.7,48.3,49.6,48.3,47.3,46.4,47.7,46.6,45.5,103.2,79.7,50.8
25,F,2009,2009,Lago Laja,EmbQExtCnv,25,EtaMes,51.5,50.9,50.6,51.8,50.7,52,37.9,40.8,43.4,70.6,69.3,64.2
26,F,2009,2009,Lago Laja,EmbQExtCnv,26,EtaMes,50.3,50.7,49.7,44.4,46.5,45.8,44.5,49.4,48.2,60,48.3,46.6
27,F,2009,2009,Lago Laja,EmbQExtCnv,27,EtaMes,37.3,40,44.2,52.1,52.7,52.9,51.1,50.1,48.9,86.8,84.5,69.8
28,F,2009,2009,Lago Laja,EmbQExtCnv,28,EtaMes,51,50.7,49.8,41.9,44.8,45.4,42.9,49.8,53.3,94.7,91.8,48.1
29,F,2009,2009,Lago Laja,EmbQExtCnv,29,EtaMes,53.5,39.6,39.9,40.5,44.7,47.3,46.6,53.8,63.8,94.5,65.1,47.5
30,F,2009,2009,Lago Laja,EmbQExtCnv,30,EtaMes,48.9,46.9,46.2,45.9,45.7,46.1,49.4,51.4,48.9,58.2,56.7,50.2
31,F,2009,2009,Lago Laja,EmbQExtCnv,31,EtaMes,40.6,47.5,48.9,44,44.9,41.8,43.8,58,59.9,78.7,44.1,40.3
32,F,2009,2009,Lago Laja,EmbQExtCnv,32,EtaMes,36.2,46,50.7,47.1,49.3,50.7,48.7,50.6,50.1,54.8,52.9,51.5
33,F,2009,2009,Lago Laja,EmbQExtCnv,33,EtaMes,40.2,42.9,44.1,52.4,43.6,44.5,56.2,46.2,58.9,83.6,83.1,45.8
34,F,2009,2009,Lago Laja,EmbQExtCnv,34,EtaMes,45.6,44.9,38.9,42.3,43.8,51.9,56.1,54.6,51.4,78.5,76.5,71.8
35,F,2009,2009,Lago Laja,EmbQExtCnv,35,EtaMes,52.3,51.1,48.5,43.1,49.3,44,46.1,46.2,48.9,83.2,78.2,76.5
36,F,2009,2009,Lago Laja,EmbQExtCnv,36,EtaMes,47,46.9,40.9,42.6,56.8,44.2,45.8,48.7,56.2,83.2,81.5,59
37,F,2009,2009,Lago Laja,EmbQExtCnv,37,EtaMes,67.7,42.3,46.2,43.9,44.9,48.8,49.7,43,43.6,78.4,61.3,58.8
38,F,2009,2009,Lago Laja,EmbQExtCnv,38,EtaMes,42,43.3,40.9,49.8,42.2,43,48.5,56.5,63.2,77.9,74.9,70.4
39,F,2009,2009,Lago Laja,EmbQExtCnv,39,EtaMes,45.4,49.3,47.5,46.5,50.5,49.2,47.6,46.7,46.6,59.6,57.2,50.3
40,F,2009,2009,Lago Laja,EmbQExtCnv,40,EtaMes,41,41,41.2,41.1,42.5,43,52.3,62,65.2,83.2,57.6,61.8
41,F,2009,2009,Lago Laja,EmbQExtCnv,41,EtaMes,39.3,38.4,40.8,42.6,55.3,50.9,41.5,53.6,66.8,79.4,79.1,44.4
42,F,2009,2009,Lago Laja,EmbQExtCnv,42,EtaMes,44.8,44.9,45.2,41.5,44.6,49.1,51.1,53.3,55.1,89.6,86.2,57.2
43,F,2009,2009,Lago Laja,EmbQExtCnv,43,EtaMes,65.5,49.3,48.8,48.9,41.9,45.4,40.6,43.5,45.9,63.6,73.3,69.5
44,F,2009,2009,Lago Laja,EmbQExtCnv,44,EtaMes,48.9,47.7,49,46.8,48.6,48.4,48.3,46.1,45.9,53.8,52.3,50.7
45,F,2009,2009,Lago Laja,EmbQExtCnv,45,EtaMes,39.5,39.4,40.5,52,47.8,51.2,54.1,57.3,47.5,71.3,65.4,63.5
46,F,2009,2009,Lago Laja,EmbQExtCnv,46,EtaMes,42.7,42.7,44.8,49.6,48.4,45.4,50.8,50.9,53.9,63.8,71.5,67.1
47,F,2009,2009,Lago Laja,EmbQExtCnv,47,EtaMes,45.1,47.9,49.2,43.8,49.9,46.7,44.7,50.4,51.7,78.7,67.2,50.5
48,F,2009,2009,Lago Laja,EmbQExtCnv,48,EtaMes,42.9,42.9,48.2,44.7,51.2,46.1,50.1,50.9,52.4,67.5,67.9,60.3
49,F,2009,2009,Lago Laja,EmbQExtCnv,49,EtaMes,52.8,52.8,43.1,42.5,43.7,42.1,46.4,50.9,55.2,58.2,64.3,59.8
50,F,2009,2009,Lago Laja,EmbQExtCnv,50,EtaMes,74.1,72.4,80.9,39.2,27.8,31.8,32.6,34.3,37.3,67.7,66.1,52.3
51,F,2009,2009,Lago Laja,EmbQExtCnv,51,EtaMes,58,55.4,51.1,50.4,45.8,42.1,41.8,45.6,39.5,63.4,61.8,60
52,F,2010,2010,Lago Laja,EmbQExtCnv,1,EtaMes,38,38,38.6,39.6,42.4,56,76,82.5,87.4,85.9,83.7,46.9
53,F,2010,2010,Lago Laja,EmbQExtCnv,2,EtaMes,50.7,49.5,49.6,53.4,54.4,55.4,54.9,53.1,68.6,67.1,74.7,80.6
54,F,2010,2010,Lago Laja,EmbQExtCnv,3,EtaMes,54.8,43.5,42.9,42.5,42.9,43.5,47.5,47,55.4,75.8,64.9,61.4
55,F,2010,2010,Lago Laja,EmbQExtCnv,4,EtaMes,44,34.3,44.8,52.3,54.9,58.5,71.1,65.3,73.5,102.6,108.8,57.5
56,F,2010,2010,Lago Laja,EmbQExtCnv,5,EtaMes,77.5,42.5,42,41.3,40.2,41.7,45.3,49.1,65.7,66.9,54.8,52.9
57,F,2010,2010,Lago Laja,EmbQExtCnv,6,EtaMes,53.7,56.4,63.1,60.2,61.7,61.7,62.3,50.5,49.9,64.8,68.4,71.3
58,F,2010,2010,Lago Laja,EmbQExtCnv,7,EtaMes,64.5,61.9,49.8,46.4,54.7,46.4,47.2,51.2,53,55.3,59.9,67.5
59,F,2010,2010,Lago Laja,EmbQExtCnv,8,EtaMes,65.3,64.1,61.8,59.8,48.1,40.6,44.5,47.6,48.2,78.9,85.9,89.2
60,F,2010,2010,Lago Laja,EmbQExtCnv,9,EtaMes,64.6,53.1,52,51.1,49.1,41.7,43.4,46.7,49.2,49.2,47.6,38.9
61,F,2010,2010,Lago Laja,EmbQExtCnv,10,EtaMes,45.2,47.5,53.8,69.7,59,62.7,69.6,66.5,68.6,87.5,81.7,78.2
62,F,2010,2010,Lago Laja,EmbQExtCnv,11,EtaMes,46.6,45.5,45.8,46,46.1,46.9,50.1,54.6,57.1,76.7,78.6,51.8
63,F,2010,2010,Lago Laja,EmbQExtCnv,12,EtaMes,44.5,47.7,47.9,60.5,64.6,69.2,54.8,57.5,70.9,77.5,72.3,71.3
64,F,2010,2010,Lago Laja,EmbQExtCnv,13,EtaMes,46.1,62,51.3,66.4,47,55.7,53.2,54.7,68,67.1,64.5,61.9
65,F,2010,2010,Lago Laja,EmbQExtCnv,14,EtaMes,59.9,59.9,59.2,57.6,46.2,45.9,47.1,56.6,57.5,73,53.8,52.5
66,F,2010,2010,Lago Laja,EmbQExtCnv,15,EtaMes,32,34.8,48.2,48.8,41.1,42,57.1,61.7,83.3,81.9,50.2,39.2
67,F,2010,2010,Lago Laja,EmbQExtCnv,16,EtaMes,46.2,48,50.3,54.5,64,64.5,53.6,60.9,72.7,86.5,85.9,78.1
68,F,2010,2010,Lago Laja,EmbQExtCnv,17,EtaMes,45.5,46.8,45.4,45.2,44.8,46.7,49.4,63.8,64.1,96.1,59.7,49.4
69,F,2010,2010,Lago Laja,EmbQExtCnv,18,EtaMes,53,52,54.2,56.5,56.4,63.3,54.9,48.9,67.3,72,69,66.1
70,F,2010,2010,Lago Laja,EmbQExtCnv,19,EtaMes,42.7,42.7,43.7,47.7,56.8,61.1,57,46.2,69.6,75.7,72.6,55.9
71,F,2010,2010,Lago Laja,EmbQExtCnv,20,EtaMes,55.9,41.6,44.6,42.7,50.6,44.9,63.1,60.9,60.7,61.6,59.9,57
72,F,2010,2010,Lago Laja,EmbQExtCnv,21,EtaMes,47,45.6,43.3,48.2,50,68.4,65.5,70.6,74.5,63,62.2,59.2
73,F,2010,2010,Lago Laja,EmbQExtCnv,22,EtaMes,41.5,49.5,57.6,51.5,57.4,57.3,63.8,63.2,61.3,69.3,59.3,57.6
74,F,2010,2010,Lago Laja,EmbQExtCnv,23,EtaMes,42.5,42.7,46.3,45.9,56.1,40.2,45.5,52.8,55.7,66.6,63.9,59.8
75,F,2010,2010,Lago Laja,EmbQExtCnv,24,EtaMes,60.1,58.5,56.8,51,54.2,53.4,46.6,52.6,58.3,101.2,56.3,55
76,F,2010,2010,Lago Laja,EmbQExtCnv,25,EtaMes,45.1,43.2,41.6,50.7,48.2,53,58,55.3,56.5,67.6,64.5,62.6
77,F,2010,2010,Lago Laja,EmbQExtCnv,26,EtaMes,54.4,51.5,58.8,53.2,53.7,55.2,47.3,52.6,54.2,78.1,44.8,43.9
78,F,2010,2010,Lago Laja,EmbQExtCnv,27,EtaMes,45.1,48.3,51.4,68.9,61.3,76.7,56.3,59.4,61,70.6,70.7,67.7
79,F,2010,2010,Lago Laja,EmbQExtCnv,28,EtaMes,43.9,43.2,45.3,47.3,46.8,48.5,53.5,56.3,59.5,65,69.8,69.2
80,F,2010,2010,Lago Laja,EmbQExtCnv,29,EtaMes,47.2,45.8,45.8,46.4,47.8,48.1,51.5,56.1,62.9,103.6,107,52.6
81,F,2010,2010,Lago Laja,EmbQExtCnv,30,EtaMes,46.6,45.7,45.7,45.4,45.7,46.8,62.9,65.9,72.2,76.6,53.5,43.6
82,F,2010,2010,Lago Laja,EmbQExtCnv,31,EtaMes,50.2,50.7,51.4,50.9,52.9,56.3,57.2,65.7,83.3,54.2,47.8,42.1
83,F,2010,2010,Lago Laja,EmbQExtCnv,32,EtaMes,39.8,48.4,61.7,51.8,67.3,64.5,42.5,68.7,75.2,105.3,54.9,52.6
84,F,2010,2010,Lago Laja,EmbQExtCnv,33,EtaMes,50.3,50.1,53.1,85.3,64.6,79.5,38.5,50.2,53,83,82,79.8
85,F,2010,2010,Lago Laja,EmbQExtCnv,34,EtaMes,45.6,47.4,49.4,50.5,55.8,57,44.5,61.4,61.9,70.2,72.3,65.5
86,F,2010,2010,Lago Laja,EmbQExtCnv,35,EtaMes,70,60.8,54.7,44.3,48.5,43.8,42.7,44.5,49.3,71.9,71.9,65.9
87,F,2010,2010,Lago Laja,EmbQExtCnv,36,EtaMes,74.8,46.9,46.9,47.8,47.2,49.7,37,38.7,58.6,60.8,58.5,65.9
88,F,2010,2010,Lago Laja,EmbQExtCnv,37,EtaMes,48.2,47.5,48.2,48.3,52.7,56.9,57.8,54.9,47.6,64,54.2,53.2
89,F,2010,2010,Lago Laja,EmbQExtCnv,38,EtaMes,59.1,61.5,37.9,47,42.2,47.9,46.8,48.8,93.4,62.9,61.8,71
90,F,2010,2010,Lago Laja,EmbQExtCnv,39,EtaMes,68.2,64.3,63.7,46.8,41.3,41.2,46.7,44.3,45.8,79.2,66,52.1
91,F,2010,2010,Lago Laja,EmbQExtCnv,40,EtaMes,34.6,34.6,35.1,35.6,45.9,62.7,71.6,93.3,103.6,106.1,59.4,46.9
92,F,2010,2010,Lago Laja,EmbQExtCnv,41,EtaMes,46.2,44.8,48.8,57.1,59.4,61.6,36.1,62.4,64.8,71.7,69.7,65.7
93,F,2010,2010,Lago Laja,EmbQExtCnv,42,EtaMes,43.4,45.5,54.8,41.1,47.2,58.8,51.5,68.1,72.7,78,72.3,65
94,F,2010,2010,Lago Laja,EmbQExtCnv,43,EtaMes,46.9,47,47.2,47.3,49.3,47.8,49.9,52,65.2,69.1,71.4,67.9
95,F,2010,2010,Lago Laja,EmbQExtCnv,44,EtaMes,66.2,64,48.9,50.3,50.2,49.7,46.1,51.8,51.6,72.3,69.7,80.9
96,F,2010,2010,Lago Laja,EmbQExtCnv,45,EtaMes,51,50.9,53.3,55.4,66.8,56.1,57.6,59.8,75.6,83.2,60.7,46.3
97,F,2010,2010,Lago Laja,EmbQExtCnv,46,EtaMes,62.1,62.8,50.8,54,44.9,54.8,54.4,45.9,54.4,60.2,59.5,66
98,F,2010,2010,Lago Laja,EmbQExtCnv,47,EtaMes,66.3,63.1,51.1,48.2,45.2,46.9,48.8,54.2,58.8,77,66.5,50.2
99,F,2010,2010,Lago Laja,EmbQExtCnv,48,EtaMes,49,49.1,50.2,52.1,53.3,54.8,57.5,59.8,62.3,75.6,65.9,59.6
100,F,2010,2010,Lago Laja,EmbQExtCnv,49,EtaMes,38.4,39.4,46.9,54.1,58.9,56.6,58.8,64.5,71.2,55.4,65.4,48.9
101,F,2010,2010,Lago Laja,EmbQExtCnv,50,EtaMes,71.2,68,56.4,60.6,60.7,53.6,46.4,42.2,43.2,113,50.9,41.6
102,F,2010,2010,Lago Laja,EmbQExtCnv,51,EtaMes,54.8,43.5,42.9,42.5,42.9,43.5,47.5,47,55.4,75.8,64.9,61.4
103,F,2011,2011,Lago Laja,EmbQExtCnv,1,EtaMes,32.6,32.5,33,48.3,46.8,43.8,60.5,79.1,100,93.4,56.3,40
104,F,2011,2011,Lago Laja,EmbQExtCnv,2,EtaMes,34.9,34.8,48.5,56.7,58.1,57.6,60.4,42.9,74.7,67.1,65.6,76.8
105,F,2011,2011,Lago Laja,EmbQExtCnv,3,EtaMes,79.5,43.6,41.4,34.3,53.7,54,53.6,55.8,47.5,62.8,62.2,48.5
106,F,2011,2011,Lago Laja,EmbQExtCnv,4,EtaMes,35,36.6,49.5,58.4,62.7,64.9,76,53.1,45.7,95.7,100.3,95.7
107,F,2011,2011,Lago Laja,EmbQExtCnv,5,EtaMes,34.4,34.2,34.3,34.4,36.4,48.3,55.2,58.1,83.1,73,57,41.5
108,F,2011,2011,Lago Laja,EmbQExtCnv,6,EtaMes,54.4,66.3,61.2,61,60.8,62.5,64.2,38.5,39.7,62.9,67.4,72.4
109,F,2011,2011,Lago Laja,EmbQExtCnv,7,EtaMes,61.8,62.5,58.3,49.5,59.9,49.5,50.5,49,39.3,56.9,56.3,68.4
110,F,2011,2011,Lago Laja,EmbQExtCnv,8,EtaMes,66.8,59.4,62.5,63.3,52.8,46.9,46.8,49.1,53.6,87,84.5,81.6
111,F,2011,2011,Lago Laja,EmbQExtCnv,9,EtaMes,85.6,36.7,34.9,36,43.1,45.1,46.9,50.6,53.6,48.6,47.4,38.3
112,F,2011,2011,Lago Laja,EmbQExtCnv,10,EtaMes,31.1,31.7,53.2,78.3,62.8,77.6,63,65.2,84.6,102.7,61.4,40.4
113,F,2011,2011,Lago Laja,EmbQExtCnv,11,EtaMes,31.5,34.6,43.1,43.6,43.9,42.4,54.1,69.4,74.9,88.8,44.7,36.6
114,F,2011,2011,Lago Laja,EmbQExtCnv,12,EtaMes,30.5,44.2,43.5,52.5,48.8,64.9,54.9,65.5,73.5,93,59.2,33.1
115,F,2011,2011,Lago Laja,EmbQExtCnv,13,EtaMes,40.2,54.1,48.6,61.9,43.9,54.4,54.2,43.5,62.3,66,63.2,60.5
116,F,2011,2011,Lago Laja,EmbQExtCnv,14,EtaMes,59.9,60,58.3,48.1,50.8,53.1,47.5,56.1,57.5,89.3,89.8,45
117,F,2011,2011,Lago Laja,EmbQExtCnv,15,EtaMes,50.8,49.8,50.2,50.8,50.7,51.4,55.8,69.2,75.6,55.9,53.8,46.3
118,F,2011,2011,Lago Laja,EmbQExtCnv,16,EtaMes,32.1,45.4,54.9,60.8,65.8,62.5,58.7,63.7,67.7,71.9,76.1,72.8
119,F,2011,2011,Lago Laja,EmbQExtCnv,17,EtaMes,41.3,32,42.4,42.5,42,43.9,46.7,68.4,76.1,68.9,56.7,55.4
120,F,2011,2011,Lago Laja,EmbQExtCnv,18,EtaMes,47.9,46.8,49.4,51.8,57.2,76.4,62.4,41,45.8,74.4,71.4,65.6
121,F,2011,2011,Lago Laja,EmbQExtCnv,19,EtaMes,47.9,43,44.2,47.6,65.3,61,53.8,43.9,70.5,80.2,67.2,46.1
122,F,2011,2011,Lago Laja,EmbQExtCnv,20,EtaMes,44.9,45,48.1,46.2,60.1,60,73.1,51.6,51.6,62.2,60.5,49.3
123,F,2011,2011,Lago Laja,EmbQExtCnv,21,EtaMes,51.7,43.3,47.7,49.3,59.4,63.5,64.6,62.8,63.4,66,63.9,51.1
124,F,2011,2011,Lago Laja,EmbQExtCnv,22,EtaMes,52.6,48.4,50.2,53.7,56.7,61.2,58.2,58.2,60.7,94.2,70.1,50.4
125,F,2011,2011,Lago Laja,EmbQExtCnv,23,EtaMes,56.4,56.8,60.4,49,77.4,47.2,47.7,48.9,53.7,64.2,64.4,59.8
126,F,2011,2011,Lago Laja,EmbQExtCnv,24,EtaMes,60,58.4,51.1,54.1,52.8,52.9,48.8,58.5,57.6,101.1,96.8,49.8
127,F,2011,2011,Lago Laja,EmbQExtCnv,25,EtaMes,53.4,53.2,52.9,54,54.1,55.6,50.6,47,50.1,65.4,64.1,61.2
128,F,2011,2011,Lago Laja,EmbQExtCnv,26,EtaMes,60.6,51.5,53.2,48.3,54.9,54.3,47.4,59.3,60.4,75.5,42.8,36.9
129,F,2011,2011,Lago Laja,EmbQExtCnv,27,EtaMes,43.4,50.9,52.1,59.9,63.2,70.1,57,55.5,63.6,72.3,67.9,65
130,F,2011,2011,Lago Laja,EmbQExtCnv,28,EtaMes,66.6,52.8,52.4,43.8,43.3,47.6,49.2,53.7,66.6,84.7,79.7,78.8
131,F,2011,2011,Lago Laja,EmbQExtCnv,29,EtaMes,68.8,66.9,43.9,48.9,48.7,53.9,48.6,49.5,51.7,102.7,109,44.1
132,F,2011,2011,Lago Laja,EmbQExtCnv,30,EtaMes,32.7,32.4,32.5,38.8,45.7,48.2,58.2,59.1,76.1,73.5,56.4,45.7
133,F,2011,2011,Lago Laja,EmbQExtCnv,31,EtaMes,33.7,34.1,39.2,43.6,56.6,62,75.5,84.4,80.6,46.9,46.1,40.6
134,F,2011,2011,Lago Laja,EmbQExtCnv,32,EtaMes,31.1,57.4,64.3,53.3,75.9,59.3,44.1,75.4,78.2,63.4,54.2,51.6
135,F,2011,2011,Lago Laja,EmbQExtCnv,33,EtaMes,51.1,37,39.2,60.6,78.5,69.5,40,42.7,51.6,85.3,84.5,80.7
136,F,2011,2011,Lago Laja,EmbQExtCnv,34,EtaMes,73.5,38.3,40.8,43.6,45.4,46.9,48.5,50.5,53.7,71.7,75.3,70.6
137,F,2011,2011,Lago Laja,EmbQExtCnv,35,EtaMes,68.8,63.5,43.7,41.5,52.2,44.7,44.6,59,58.9,71.1,70.6,66.3
138,F,2011,2011,Lago Laja,EmbQExtCnv,36,EtaMes,78.1,73.5,41.6,43.2,44.2,45.1,46.6,48.5,54.5,61.8,63.5,62.2
139,F,2011,2011,Lago Laja,EmbQExtCnv,37,EtaMes,64.3,62.2,52.7,58,55.6,55.5,55.5,52.4,42.7,79.5,59.4,52.1
140,F,2011,2011,Lago Laja,EmbQExtCnv,38,EtaMes,53.4,55.1,38.6,62.2,60.5,47.9,55,65.5,73.5,59.8,57.6,54.9
141,F,2011,2011,Lago Laja,EmbQExtCnv,39,EtaMes,65.9,65.4,65,65.8,47.3,44.2,45.4,44.1,45.5,93.6,67.4,47.5
142,F,2011,2011,Lago Laja,EmbQExtCnv,40,EtaMes,42.3,36.2,50.7,41.1,54.1,51.8,38.6,80.7,92,108.1,56.3,52.8
143,F,2011,2011,Lago Laja,EmbQExtCnv,41,EtaMes,35.9,35.8,49.4,38.6,40.6,56.6,44.1,80.9,89.8,71.8,76.1,72.2
144,F,2011,2011,Lago Laja,EmbQExtCnv,42,EtaMes,62.8,54.3,35.6,38.2,40.7,53.9,54.1,69.9,68.5,76.5,77.1,72.7
145,F,2011,2011,Lago Laja,EmbQExtCnv,43,EtaMes,72.4,60.5,55.4,53.3,41.2,42.9,45.2,48.1,50.9,56.3,69.4,63.4
146,F,2011,2011,Lago Laja,EmbQExtCnv,44,EtaMes,61.3,52.6,48.2,49.7,56.3,52,50.5,52.9,53,70.3,76.6,76.8
147,F,2011,2011,Lago Laja,EmbQExtCnv,45,EtaMes,68.6,68.8,49.3,44.8,47,44.6,41.3,44.3,52.8,83.9,90.6,84.2
148,F,2011,2011,Lago Laja,EmbQExtCnv,46,EtaMes,33.2,33.5,55.8,58.4,56,61.8,66.4,56.8,71.7,57.7,56.9,48.4
149,F,2011,2011,Lago Laja,EmbQExtCnv,47,EtaMes,58.9,67,39.7,42.6,56,52.5,57.5,59.6,64.1,75.7,66,51.2
150,F,2011,2011,Lago Laja,EmbQExtCnv,48,EtaMes,49.4,49.5,50.6,52.5,53.6,55,57.7,59.9,62.4,68.6,77.9,53.3
151,F,2011,2011,Lago Laja,EmbQExtCnv,49,EtaMes,39,47.4,45.8,47.7,52.4,54.2,59.4,65.1,72,53.6,65.6,63.1
152,F,2011,2011,Lago Laja,EmbQExtCnv,50,EtaMes,63.8,61.6,59.7,61.4,58,57.2,54,48.7,51,106.7,81.7,41.5
153,F,2011,2011,Lago Laja,EmbQExtCnv,51,EtaMes,79.5,43.6,41.4,34.3,53.7,54,53.6,55.8,47.5,62.8,62.2,48.5
154,F,2012,2012,Lago Laja,EmbQExtCnv,1,EtaMes,32.9,32.8,40.2,53.3,51.8,50.3,58,63.6,72.1,108.7,80.1,40.5
155,F,2012,2012,Lago Laja,EmbQExtCnv,2,EtaMes,34.7,34.6,34.9,61.9,64.1,64.5,64.5,50.2,83.5,72.2,84.2,82.4
156,F,2012,2012,Lago Laja,EmbQExtCnv,3,EtaMes,62.5,63.4,66.2,38.7,48.8,50.5,52,47.2,46.1,61.5,60.8,47.7
157,F,2012,2012,Lago Laja,EmbQExtCnv,4,EtaMes,36.4,36.5,36.8,37.5,38.5,74.2,98.7,64.4,87.5,72.6,92.6,87
158,F,2012,2012,Lago Laja,EmbQExtCnv,5,EtaMes,42.7,32.5,32.5,34.2,35.8,43.8,51.2,53.8,68.1,64,47.4,37.8
159,F,2012,2012,Lago Laja,EmbQExtCnv,6,EtaMes,51.9,59.2,58,65.1,61.7,68.5,58.9,43.6,45.4,70.6,67.8,64.6
160,F,2012,2012,Lago Laja,EmbQExtCnv,7,EtaMes,74.3,61.5,47.9,51.7,54,49.5,52.3,52.6,38.3,57,57.1,67.9
161,F,2012,2012,Lago Laja,EmbQExtCnv,8,EtaMes,67.5,59.6,61.2,62,52.9,49.6,48.1,49.5,52,76.9,80.3,78.6
162,F,2012,2012,Lago Laja,EmbQExtCnv,9,EtaMes,78.8,43.1,42.4,41.8,42.2,42.6,43.7,46.7,51.8,48,45.2,42.2
163,F,2012,2012,Lago Laja,EmbQExtCnv,10,EtaMes,30.7,31.2,57.3,88.1,55.3,65,73,65.8,82.1,113,56.1,43
164,F,2012,2012,Lago Laja,EmbQExtCnv,11,EtaMes,33.5,33.6,47.4,48.4,47.6,46.1,54.2,79.6,88.8,62.4,47.2,42.5
165,F,2012,2012,Lago Laja,EmbQExtCnv,12,EtaMes,31.5,45.4,46.2,49.5,59.5,71.3,61.2,68.6,79.2,88.3,45.5,31.5
166,F,2012,2012,Lago Laja,EmbQExtCnv,13,EtaMes,33,58.5,49.5,63.6,49.9,45.9,60.8,55.3,81,66.5,64.1,61.7
167,F,2012,2012,Lago Laja,EmbQExtCnv,14,EtaMes,58.6,57.3,50.1,50.7,54.6,56.5,55.8,56,55.1,66.6,54.5,51
168,F,2012,2012,Lago Laja,EmbQExtCnv,15,EtaMes,43.5,43.4,45,45.2,45.3,46.3,51.2,68,74.4,54.7,51.7,45
169,F,2012,2012,Lago Laja,EmbQExtCnv,16,EtaMes,45.8,47,52.4,72.2,59.4,58.9,66.4,55.1,70,84.1,85.9,79.3
170,F,2012,2012,Lago Laja,EmbQExtCnv,17,EtaMes,43.1,33.7,50.2,56.6,44.1,56.3,48.6,67.8,64.2,102.2,51.9,43.6
171,F,2012,2012,Lago Laja,EmbQExtCnv,18,EtaMes,42.4,52.7,56,59,60.3,61.9,56.5,42.5,70.8,73.7,70.6,64.8
172,F,2012,2012,Lago Laja,EmbQExtCnv,19,EtaMes,42.3,42.7,44.1,49.5,69,50.4,47.1,53.6,74.1,82.9,62.7,46.4
173,F,2012,2012,Lago Laja,EmbQExtCnv,20,EtaMes,45.3,44.9,47.9,46.1,51.1,66,73.6,56.1,60.1,63.2,51.6,48.1
174,F,2012,2012,Lago Laja,EmbQExtCnv,21,EtaMes,54.5,44.4,47,50.5,55.6,66.3,66.3,64.5,63.4,66.2,63.8,60.4
175,F,2012,2012,Lago Laja,EmbQExtCnv,22,EtaMes,42.7,49.3,52,57.2,60.4,60.2,58.4,61.3,61.7,84.6,50.3,48.9
176,F,2012,2012,Lago Laja,EmbQExtCnv,23,EtaMes,49.2,49.6,52.7,46.4,68.7,45.8,56.5,48.7,52,65.4,65,62.3
177,F,2012,2012,Lago Laja,EmbQExtCnv,24,EtaMes,59.8,58.3,51.9,55.6,53.2,52.2,50.4,57.2,57.6,91.8,74.8,51.2
178,F,2012,2012,Lago Laja,EmbQExtCnv,25,EtaMes,48.2,48.2,48.2,49.2,49.5,51.7,53.3,46,44.7,67.7,64.8,61.8
179,F,2012,2012,Lago Laja,EmbQExtCnv,26,EtaMes,59.4,50.7,51.7,50.2,57.8,57,49.4,58.6,59.1,57.4,47.2,46.3
180,F,2012,2012,Lago Laja,EmbQExtCnv,27,EtaMes,33,50.5,50.4,70.7,64,68.3,59.2,66.9,64.1,81.9,81.7,55.2
181,F,2012,2012,Lago Laja,EmbQExtCnv,28,EtaMes,63.5,53.4,53.7,43.9,44.5,51.9,48.7,52.9,67.3,76.7,72,69.3
182,F,2012,2012,Lago Laja,EmbQExtCnv,29,EtaMes,49.8,32,42.1,45.4,51,54.3,54.2,54.2,58.9,120.9,55.8,48.2
183,F,2012,2012,Lago Laja,EmbQExtCnv,30,EtaMes,33.4,33.1,33.2,39.5,46.7,51.7,57.5,61.2,75.4,84.3,57.2,46.2
184,F,2012,2012,Lago Laja,EmbQExtCnv,31,EtaMes,34.9,35.3,40.9,45.7,63.6,37.7,51.9,98.1,99.8,67.5,49,44.4
185,F,2012,2012,Lago Laja,EmbQExtCnv,32,EtaMes,30.1,42.4,64.7,51.5,79.2,66.9,63,72.8,78.8,76.5,54,37.9
186,F,2012,2012,Lago Laja,EmbQExtCnv,33,EtaMes,50,41.7,38,71.4,71,65.2,39,50.7,86.9,86.9,82.6,46.6
187,F,2012,2012,Lago Laja,EmbQExtCnv,34,EtaMes,75.5,37.1,39.8,42.6,44.5,46.1,47.7,49.7,52.5,75.6,75.3,70.6
188,F,2012,2012,Lago Laja,EmbQExtCnv,35,EtaMes,68.6,63.2,43.4,44.7,48.4,46.5,48.5,50.5,53.7,71.8,73.2,69.3
189,F,2012,2012,Lago Laja,EmbQExtCnv,36,EtaMes,65.9,67.8,41.8,44.1,52.8,44.7,46,48,65.4,60.1,60.3,60.4
190,F,2012,2012,Lago Laja,EmbQExtCnv,37,EtaMes,60.1,58.4,52.7,58.2,55.1,55.4,56.6,54.6,45.9,67.4,56.1,55
191,F,2012,2012,Lago Laja,EmbQExtCnv,38,EtaMes,35.5,36.4,38.8,50.4,43.2,46.1,48.5,82.9,110.7,64.2,61.1,72.5
192,F,2012,2012,Lago Laja,EmbQExtCnv,39,EtaMes,58.2,59.6,60.8,58.6,57.5,57.9,53.7,54.2,51.4,84.4,69,44.2
193,F,2012,2012,Lago Laja,EmbQExtCnv,40,EtaMes,33.9,33.9,34.3,36.4,61.3,61.1,41.5,76.3,97.1,104.2,73.3,43.1
194,F,2012,2012,Lago Laja,EmbQExtCnv,41,EtaMes,34.7,34.6,35.5,48.7,54.3,51.3,41.8,69.3,95.2,69.3,69.6,65.7
195,F,2012,2012,Lago Laja,EmbQExtCnv,42,EtaMes,67.8,46.3,35.4,38.1,40.5,55.6,54.1,61.1,66.5,72.3,79.9,71.6
196,F,2012,2012,Lago Laja,EmbQExtCnv,43,EtaMes,72.3,59.2,55.3,56.6,37.8,44,41.9,44.9,47.3,62.5,64.4,70.2
197,F,2012,2012,Lago Laja,EmbQExtCnv,44,EtaMes,63.2,61.1,44.9,48.3,52.9,57.4,48.6,54.7,64.8,69.3,69.5,64.8
198,F,2012,2012,Lago Laja,EmbQExtCnv,45,EtaMes,57.1,51.5,42.2,47.3,51.5,50.8,46.3,54.9,59.9,75.1,78.3,80.7
199,F,2012,2012,Lago Laja,EmbQExtCnv,46,EtaMes,72.5,52.6,37.5,39.3,41.3,42.9,44.3,46.5,50.7,55.3,61.4,64.9
200,F,2012,2012,Lago Laja,EmbQExtCnv,47,EtaMes,48.1,48.4,51.3,52.5,71.4,66.1,64.6,60.3,58.4,78.6,68.1,49.6
201,F,2012,2012,Lago Laja,EmbQExtCnv,48,EtaMes,50.2,50.2,51.3,52.9,53.9,55.1,57.3,59.3,61.4,58.1,59.3,65.5
202,F,2012,2012,Lago Laja,EmbQExtCnv,49,EtaMes,36.6,63.6,51.7,50,55.7,49.1,54.2,59,65.2,55.7,66.5,59.2
203,F,2012,2012,Lago Laja,EmbQExtCnv,50,EtaMes,62.8,60.5,58.6,60.2,58.4,52.7,49.9,48.8,50.5,104,90.9,40.8
204,F,2012,2012,Lago Laja,EmbQExtCnv,51,EtaMes,62.5,63.4,66.2,38.7,48.8,50.5,52,47.2,46.1,61.5,60.8,47.7
205,F,2013,2013,Lago Laja,EmbQExtCnv,1,EtaMes,32.4,32.4,39.4,51.5,51.2,53.4,56.3,62.3,71.3,97,81.4,39
206,F,2013,2013,Lago Laja,EmbQExtCnv,2,EtaMes,35.5,35.4,45.9,49.5,63.1,47.1,40.4,60,78.6,61.9,65.7,70.8
207,F,2013,2013,Lago Laja,EmbQExtCnv,3,EtaMes,67.6,33.2,41.1,34.9,51.9,56.8,59.1,54.5,48.5,58.8,58.1,45.7
208,F,2013,2013,Lago Laja,EmbQExtCnv,4,EtaMes,36.2,36.3,36.6,37.3,48,66.4,76.3,89.4,88,88.6,95.7,90
209,F,2013,2013,Lago Laja,EmbQExtCnv,5,EtaMes,54.9,32.9,32.9,34.7,36.3,45.4,51.4,73.4,72.5,56.1,44.3,35.9
210,F,2013,2013,Lago Laja,EmbQExtCnv,6,EtaMes,35.3,56.1,61.5,62.1,64.3,76.4,65.9,52.9,59.2,73.5,68.8,67.2
211,F,2013,2013,Lago Laja,EmbQExtCnv,7,EtaMes,63.3,60.8,52.3,47.7,56.8,50.3,45.2,54.3,51.1,68.2,72.9,71
212,F,2013,2013,Lago Laja,EmbQExtCnv,8,EtaMes,69.6,59.6,62.2,58.2,51.3,48.1,49.1,51.6,52.4,75,76.4,76.5
213,F,2013,2013,Lago Laja,EmbQExtCnv,9,EtaMes,76,73.6,35.3,35.1,41.8,43.7,45.4,49,49.8,45.9,44.7,37.3
214,F,2013,2013,Lago Laja,EmbQExtCnv,10,EtaMes,41.6,43.8,46.3,71.5,68.9,69.6,76.2,61.8,67.5,99.4,58.1,53.3
215,F,2013,2013,Lago Laja,EmbQExtCnv,11,EtaMes,34.9,35,43.2,50.9,47.3,47.3,69,71,72.1,76.1,72.6,35.6
216,F,2013,2013,Lago Laja,EmbQExtCnv,12,EtaMes,38.5,44.6,44.4,63.4,66,62.1,73.5,64.5,73.4,62,39.5,30.7
217,F,2013,2013,Lago Laja,EmbQExtCnv,13,EtaMes,31.4,53.7,48.4,63.8,54.1,60.6,58.1,63.2,83.4,66.2,64,61.3
218,F,2013,2013,Lago Laja,EmbQExtCnv,14,EtaMes,59.5,54.5,53.2,47.2,54.5,58.3,52.2,56,56.9,87.8,82.1,44.8
219,F,2013,2013,Lago Laja,EmbQExtCnv,15,EtaMes,49.4,48.7,49.6,50,50,51.2,64.6,69.9,78.1,80.6,46.6,45.4
220,F,2013,2013,Lago Laja,EmbQExtCnv,16,EtaMes,44.5,46.2,48,64.6,58,59.2,74.2,64.1,73,94.8,90.6,62.6
221,F,2013,2013,Lago Laja,EmbQExtCnv,17,EtaMes,43.3,45,43.2,42.9,42.7,44.4,46.9,66.6,61.7,75.5,48.8,47.8
222,F,2013,2013,Lago Laja,EmbQExtCnv,18,EtaMes,33.2,34.7,48.1,51.2,51.4,56.2,74,49.2,86.4,72.3,69,57.7
223,F,2013,2013,Lago Laja,EmbQExtCnv,19,EtaMes,41.5,41.8,43.4,42.9,68.6,65.7,55,44.3,72,78.6,77.9,44
224,F,2013,2013,Lago Laja,EmbQExtCnv,20,EtaMes,45.4,44.9,48.3,46.4,54.9,47.8,66.6,61.3,76.1,62.6,52.4,46.7
225,F,2013,2013,Lago Laja,EmbQExtCnv,21,EtaMes,58.5,42.6,47.7,51.5,57.9,66.9,64.8,65.2,65.9,63.3,61.1,57.8
226,F,2013,2013,Lago Laja,EmbQExtCnv,22,EtaMes,44.3,46.2,52.1,50.9,56.3,58,57.8,64.7,63.7,71.6,53.2,44.9
227,F,2013,2013,Lago Laja,EmbQExtCnv,23,EtaMes,47.9,48.7,51.4,57.7,64.4,44.2,61.2,64.1,59.4,65,64.2,61.1
228,F,2013,2013,Lago Laja,EmbQExtCnv,24,EtaMes,60.4,58.8,57.5,57.8,56.5,49.7,49.4,50.7,51,88.2,90.1,50.5
229,F,2013,2013,Lago Laja,EmbQExtCnv,25,EtaMes,49.9,49.8,49.5,50.1,49.9,51.7,47.8,55.7,62.8,66.3,64.5,61.8
230,F,2013,2013,Lago Laja,EmbQExtCnv,26,EtaMes,59.9,54.9,49.9,46.9,55.3,54.7,48.9,60.1,59.7,60.5,46.4,45
231,F,2013,2013,Lago Laja,EmbQExtCnv,27,EtaMes,45.9,51,49.2,62.6,65.9,75.4,60.3,64,57.9,73.4,69.9,65.8
232,F,2013,2013,Lago Laja,EmbQExtCnv,28,EtaMes,31.6,31.6,44.8,48.1,57.9,59.5,53.2,58.7,81.2,90.2,84.4,40
233,F,2013,2013,Lago Laja,EmbQExtCnv,29,EtaMes,58,40.4,41.6,43,51.9,49.8,57.4,56.4,68.3,111.7,57.6,48
234,F,2013,2013,Lago Laja,EmbQExtCnv,30,EtaMes,35.2,34.9,35,35.5,40.3,54.6,65.9,68.3,88.1,74,52.8,43.1
235,F,2013,2013,Lago Laja,EmbQExtCnv,31,EtaMes,35.1,35.6,41.8,48.2,52.4,41.1,64.3,86.1,90.9,71.1,45.4,40.2
236,F,2013,2013,Lago Laja,EmbQExtCnv,32,EtaMes,32.4,47,38.1,38.6,80.9,60.1,48,85.1,91.7,87.3,51.9,49.8
237,F,2013,2013,Lago Laja,EmbQExtCnv,33,EtaMes,33.9,35.1,37.3,75.1,72.4,71.4,37.8,58.3,93,78,75.9,69.6
238,F,2013,2013,Lago Laja,EmbQExtCnv,34,EtaMes,46.3,42.7,40.7,43.6,47.7,53.6,48.4,73.1,73.9,70,67.9,66.3
239,F,2013,2013,Lago Laja,EmbQExtCnv,35,EtaMes,68.1,65.7,43.7,43.8,44.8,45.8,47.6,49.9,54.1,66.8,69.3,69
240,F,2013,2013,Lago Laja,EmbQExtCnv,36,EtaMes,67,63.9,44.3,45.7,46.7,47.7,49.3,51.4,54.8,64.1,63.6,62.3
241,F,2013,2013,Lago Laja,EmbQExtCnv,37,EtaMes,58.8,58.4,58,57.8,57.1,56,55.3,51.3,50.7,64.7,53.9,52.9
242,F,2013,2013,Lago Laja,EmbQExtCnv,38,EtaMes,55.6,58.7,40,42.1,44,55.2,56.9,71.6,81,59.7,58.1,63.5
243,F,2013,2013,Lago Laja,EmbQExtCnv,39,EtaMes,56.9,68.5,68.9,63.4,53.2,42.6,46.6,43.3,42.7,57.1,56.7,49.8
244,F,2013,2013,Lago Laja,EmbQExtCnv,40,EtaMes,32.4,32.4,35.2,39.7,56.3,56,65.9,71.5,97,73.3,47.5,38.7
245,F,2013,2013,Lago Laja,EmbQExtCnv,41,EtaMes,33.9,33.8,34.8,43.1,53.6,51.6,41.1,78.6,93.6,67.5,64.8,62.2
246,F,2013,2013,Lago Laja,EmbQExtCnv,42,EtaMes,62.7,50.4,35.9,38.5,40.9,56.9,54,70.8,70.6,78.2,74.9,69.5
247,F,2013,2013,Lago Laja,EmbQExtCnv,43,EtaMes,70,60.7,51.2,59.7,39.4,41.2,43.7,46.7,49.1,57.6,63.9,64.8
248,F,2013,2013,Lago Laja,EmbQExtCnv,44,EtaMes,66.8,68.4,46.6,50.2,54.7,50.5,44.3,45.6,59.9,67.7,69.9,66.1
249,F,2013,2013,Lago Laja,EmbQExtCnv,45,EtaMes,51.4,65.3,57.1,47.4,51.3,49.1,49.8,52.3,57.3,69.7,73,72.7
250,F,2013,2013,Lago Laja,EmbQExtCnv,46,EtaMes,57.2,49.2,38.8,35.6,37.5,54.9,48.7,64.9,64.8,65.5,63.9,58.4
251,F,2013,2013,Lago Laja,EmbQExtCnv,47,EtaMes,64.1,61.8,41.8,51,64.8,50.3,51.8,56.4,60.3,75.1,65.7,51.5
252,F,2013,2013,Lago Laja,EmbQExtCnv,48,EtaMes,49,49.4,50.8,53,54.4,56,59,61.4,55.5,68.7,68.3,60.7
253,F,2013,2013,Lago Laja,EmbQExtCnv,49,EtaMes,71.3,70.4,44.3,48.5,49.3,50.2,50.8,55.2,61,61.5,64.6,59.1
254,F,2013,2013,Lago Laja,EmbQExtCnv,50,EtaMes,63.1,60.9,59.1,60.8,55,53.4,50.6,49,51.4,100.5,91.3,39.6
255,F,2013,2013,Lago Laja,EmbQExtCnv,51,EtaMes,67.6,33.2,41.1,34.9,51.9,56.8,59.1,54.5,48.5,58.8,58.1,45.7
256,F,2014,2014,Lago Laja,EmbQExtCnv,1,EtaMes,31.7,31.6,37.7,51.4,48,45,52.9,72.4,83.9,102.3,53.7,38.5
257,F,2014,2014,Lago Laja,EmbQExtCnv,2,EtaMes,34.4,34.3,46.9,56.7,64.4,55.5,39.8,61.9,74.1,68,73.8,69.6
258,F,2014,2014,Lago Laja,EmbQExtCnv,3,EtaMes,69.6,66.4,60.3,50.3,48.3,48.5,48.4,51.2,43.5,68.1,67.4,52.2
259,F,2014,2014,Lago Laja,EmbQExtCnv,4,EtaMes,34.7,34.8,35.1,35.8,36.7,57.5,83.2,95.4,107.9,107.8,104.8,42.8
260,F,2014,2014,Lago Laja,EmbQExtCnv,5,EtaMes,33,32.8,32.9,33,35.2,44.7,51.7,72.8,76,51.2,47.6,36.8
261,F,2014,2014,Lago Laja,EmbQExtCnv,6,EtaMes,33.9,55.5,63,70.8,62.1,80.8,54.6,63,63.2,78.6,73.2,71.7
262,F,2014,2014,Lago Laja,EmbQExtCnv,7,EtaMes,63.3,56.3,51.4,45.7,57.6,52,46,50.8,52.3,72.2,75.6,73.6
263,F,2014,2014,Lago Laja,EmbQExtCnv,8,EtaMes,68.5,66.2,40.5,40.1,41.7,42.7,46.9,56.9,69.4,110.9,111.2,56.1
264,F,2014,2014,Lago Laja,EmbQExtCnv,9,EtaMes,74.7,68.8,35.3,36.7,44.1,46.2,48.1,52,51.4,46,45.8,38.2
265,F,2014,2014,Lago Laja,EmbQExtCnv,10,EtaMes,30.2,30.8,60.1,73.2,75.8,73.7,63.6,69.9,77.7,84.1,57.8,44
266,F,2014,2014,Lago Laja,EmbQExtCnv,11,EtaMes,39.2,36.4,50.6,45,40.3,43,57.3,76.1,84.8,74.3,44.7,35.5
267,F,2014,2014,Lago Laja,EmbQExtCnv,12,EtaMes,31,44.5,43.7,61.5,68.2,60.4,55.6,63.5,71.8,82.6,41.9,31.4
268,F,2014,2014,Lago Laja,EmbQExtCnv,13,EtaMes,30.5,55.5,52.2,84.1,56.6,64.5,60.2,64.1,81.9,70.7,65,63.6
269,F,2014,2014,Lago Laja,EmbQExtCnv,14,EtaMes,58.3,56.1,56.7,50.2,56.7,55.8,48.8,55,55.5,93.1,53.4,49.6
270,F,2014,2014,Lago Laja,EmbQExtCnv,15,EtaMes,43.6,43.2,44.4,47,45.4,49.6,56,66.9,74.8,84.8,45.1,37.4
271,F,2014,2014,Lago Laja,EmbQExtCnv,16,EtaMes,45.5,61,59.3,60.7,54.9,44.3,53.9,58.7,71.4,89.4,84.8,43.8
272,F,2014,2014,Lago Laja,EmbQExtCnv,17,EtaMes,38.5,32.2,43.6,43.6,43.2,45.2,48.2,68.9,74.8,61,49.3,40
273,F,2014,2014,Lago Laja,EmbQExtCnv,18,EtaMes,46.7,45.9,48.2,50.1,61.7,72.2,64.4,50.1,71.3,76.9,73.5,67.5
274,F,2014,2014,Lago Laja,EmbQExtCnv,19,EtaMes,39.9,40.3,41.7,48.2,61.8,63.2,58,61.8,70.7,80.3,57.4,43
275,F,2014,2014,Lago Laja,EmbQExtCnv,20,EtaMes,42.9,42.8,45.9,44.2,51,57.2,62,66.5,72.5,65.3,63.3,56.5
276,F,2014,2014,Lago Laja,EmbQExtCnv,21,EtaMes,56.1,46.4,49.4,56.7,57.6,62.9,62.5,64.5,65.9,64.5,62.2,58.9
277,F,2014,2014,Lago Laja,EmbQExtCnv,22,EtaMes,43.2,50.1,57.4,56.6,56.5,58,61.3,60.2,58.6,56.7,50.2,48.8
278,F,2014,2014,Lago Laja,EmbQExtCnv,23,EtaMes,44.1,44.8,46.9,59.9,63.8,56.7,62.7,68.2,66.4,67,68,65
279,F,2014,2014,Lago Laja,EmbQExtCnv,24,EtaMes,59.6,58.1,57,54.7,53.9,52.7,48.9,52.7,56.4,93.2,55.3,53.8
280,F,2014,2014,Lago Laja,EmbQExtCnv,25,EtaMes,48.9,49.1,49.3,49.9,50.4,51.7,42.5,52.3,63.4,63,63,61
281,F,2014,2014,Lago Laja,EmbQExtCnv,26,EtaMes,59.9,51.2,56.8,53.5,55.2,51.3,56.1,58.6,49.4,51.8,50.3,49
282,F,2014,2014,Lago Laja,EmbQExtCnv,27,EtaMes,44.5,48.2,48.3,71.5,65.8,65.9,55.4,66.2,65.3,76.5,73.3,68.3
283,F,2014,2014,Lago Laja,EmbQExtCnv,28,EtaMes,65.8,55.4,54.3,44.5,46.5,48.3,50.1,53.4,57.6,71.3,73.8,69.5
284,F,2014,2014,Lago Laja,EmbQExtCnv,29,EtaMes,32.4,32.3,40.8,46.5,57.6,49.3,54.4,72.3,85.4,89.3,61.7,51.1
285,F,2014,2014,Lago Laja,EmbQExtCnv,30,EtaMes,34.7,34.5,34.6,35,35.5,37.4,66.8,89.5,97.7,55.5,56.4,45.6
286,F,2014,2014,Lago Laja,EmbQExtCnv,31,EtaMes,33.4,33.8,46.9,45.2,71.5,47,66.9,87.9,80.7,46.9,44.7,40.7
287,F,2014,2014,Lago Laja,EmbQExtCnv,32,EtaMes,30.3,59,47.5,46.5,79.4,62.1,56.5,69.4,75,89,49.8,36.1
288,F,2014,2014,Lago Laja,EmbQExtCnv,33,EtaMes,49.1,40.1,43.4,75.6,70.9,66.1,40.9,44.6,62.9,75.2,72.4,68
289,F,2014,2014,Lago Laja,EmbQExtCnv,34,EtaMes,41.3,44.1,38.7,43.4,48.6,56,58.4,61.5,69.4,73.1,69.7,67.3
290,F,2014,2014,Lago Laja,EmbQExtCnv,35,EtaMes,57.5,45,51,49.9,59.7,55.8,43.9,50.1,67.4,86.3,80,48.7
291,F,2014,2014,Lago Laja,EmbQExtCnv,36,EtaMes,65.2,62.2,50.2,47.2,52.1,46.3,46.4,48.6,61.5,64.3,64.7,62.5
292,F,2014,2014,Lago Laja,EmbQExtCnv,37,EtaMes,59.2,58.3,54.2,56.5,57.8,55.4,52.8,52.4,47.7,67.7,57.6,56.3
293,F,2014,2014,Lago Laja,EmbQExtCnv,38,EtaMes,53.6,65.4,45.9,51.6,50.5,52.5,46.9,68.6,76.9,60.3,57.7,53.7
294,F,2014,2014,Lago Laja,EmbQExtCnv,39,EtaMes,55.4,60.2,57.3,57.5,58.1,55.7,53,52.3,53,77.1,63.6,49.2
295,F,2014,2014,Lago Laja,EmbQExtCnv,40,EtaMes,33.7,33.7,34.2,34.7,35.5,56.9,79.7,92.7,119,59.6,48.1,40.3
296,F,2014,2014,Lago Laja,EmbQExtCnv,41,EtaMes,31,30.9,37.7,66.8,69.3,64.1,74.2,72.7,76.1,70.8,53.1,39.7
297,F,2014,2014,Lago Laja,EmbQExtCnv,42,EtaMes,47.3,50.1,46.1,45.6,51.2,53.3,57.8,67.7,70.5,77,74.8,67.8
298,F,2014,2014,Lago Laja,EmbQExtCnv,43,EtaMes,71.1,60,55.1,59.6,37.9,41.9,42.7,45.9,48.4,61.3,70.1,66
299,F,2014,2014,Lago Laja,EmbQExtCnv,44,EtaMes,61.4,58.9,47.5,50.8,59.4,54.7,54.8,56.3,54.4,66.3,69,69
300,F,2014,2014,Lago Laja,EmbQExtCnv,45,EtaMes,59.9,61,50.9,48.4,57.1,50.3,46.9,52,54.5,75.6,72.3,85.2
301,F,2014,2014,Lago Laja,EmbQExtCnv,46,EtaMes,59.9,44.2,46.8,48.6,48.1,51.2,53.9,58.5,58.5,55.2,54,49.3
302,F,2014,2014,Lago Laja,EmbQExtCnv,47,EtaMes,57,58.3,43.2,46.4,51.3,52.1,52.5,54.8,80.8,82.7,62.4,51.1
303,F,2014,2014,Lago Laja,EmbQExtCnv,48,EtaMes,50.6,50.7,51.7,53.2,54,55.1,57.2,58.9,60.8,57.9,64.3,62.9
304,F,2014,2014,Lago Laja,EmbQExtCnv,49,EtaMes,38.5,39.5,42.3,46.9,67,54,59.4,65.1,73.6,56.2,66.2,62.4
305,F,2014,2014,Lago Laja,EmbQExtCnv,50,EtaMes,61.9,62,57.2,58.6,56.9,54.4,52.2,47.1,48.9,115.5,67.2,42.4
306,F,2014,2014,Lago Laja,EmbQExtCnv,51,EtaMes,69.6,66.4,60.3,50.3,48.3,48.5,48.4,51.2,43.5,68.1,67.4,52.2
307,F,2015,2015,Lago Laja,EmbQExtCnv,1,EtaMes,33.4,33.3,41.1,52.6,54.7,44.3,59.9,66.7,72.5,94.8,60.1,37.9
308,F,2015,2015,Lago Laja,EmbQExtCnv,2,EtaMes,33.7,33.6,33.9,58.3,82.7,59.6,43.2,65.1,78,74.2,85.9,80.7
309,F,2015,2015,Lago Laja,EmbQExtCnv,3,EtaMes,72.3,72.8,50.6,33.4,51.3,43.4,43.9,47.8,58.3,66.9,66.2,51.4
310,F,2015,2015,Lago Laja,EmbQExtCnv,4,EtaMes,38.7,38.8,39.2,40,54,82.2,42.6,67,94.8,89.7,89,86.1
311,F,2015,2015,Lago Laja,EmbQExtCnv,5,EtaMes,34.8,34.7,34.7,34.8,37,48.3,56.9,65.1,85.5,58.9,46.3,36
312,F,2015,2015,Lago Laja,EmbQExtCnv,6,EtaMes,31.5,55.5,61.3,61.7,63.2,67.3,66.8,68.7,71.6,58.4,57.7,63.4
313,F,2015,2015,Lago Laja,EmbQExtCnv,7,EtaMes,57,43.7,50.9,47.1,61.1,55.2,48.8,55.3,42.6,63.6,74.4,69.5
314,F,2015,2015,Lago Laja,EmbQExtCnv,8,EtaMes,70.1,64.4,50.3,37,45.8,45.5,47.6,51.1,52.3,133.2,94.7,45.6
315,F,2015,2015,Lago Laja,EmbQExtCnv,9,EtaMes,54.7,42.1,35.1,36.2,43.5,45.5,47.3,51.1,54.2,49.4,48.2,38.8
316,F,2015,2015,Lago Laja,EmbQExtCnv,10,EtaMes,30.8,31.3,60.1,87.3,67.5,55.1,66.4,73,81.1,105,54.2,41.8
317,F,2015,2015,Lago Laja,EmbQExtCnv,11,EtaMes,35.6,35.7,42.5,50.6,45.5,48.8,64.1,72.6,101.9,84.3,61.3,36.5
318,F,2015,2015,Lago Laja,EmbQExtCnv,12,EtaMes,31,45.1,44.8,47.4,74.2,65.4,77.4,67.7,74.7,83.8,47.4,35.1
319,F,2015,2015,Lago Laja,EmbQExtCnv,13,EtaMes,31.2,54.3,52.9,66.8,59.6,61.3,61.7,65.6,72.7,60.6,68.1,62.9
320,F,2015,2015,Lago Laja,EmbQExtCnv,14,EtaMes,61.2,60.5,58.8,54.2,45.1,44.4,52.1,58.4,50.6,70.1,55.4,52
321,F,2015,2015,Lago Laja,EmbQExtCnv,15,EtaMes,47.3,46.3,47.1,47.9,48,48.9,54.7,69.7,77.2,53.2,47,43
322,F,2015,2015,Lago Laja,EmbQExtCnv,16,EtaMes,31.2,45.8,64.6,67.9,53,44.8,66.8,62.2,78.3,100.3,70.3,39.7
323,F,2015,2015,Lago Laja,EmbQExtCnv,17,EtaMes,32.7,33.6,54.1,50.8,44.6,46.6,50.4,73.1,82.2,84.3,48.9,41.5
324,F,2015,2015,Lago Laja,EmbQExtCnv,18,EtaMes,31.5,46.1,48.8,51.4,58.9,72.5,79.7,63.7,79.8,70.5,66.6,62.8
325,F,2015,2015,Lago Laja,EmbQExtCnv,19,EtaMes,42.4,43.2,44.9,44.9,65.5,61.1,40.8,47.5,76.3,88.1,80.1,47.8
326,F,2015,2015,Lago Laja,EmbQExtCnv,20,EtaMes,42.3,42.4,45.9,44,54.6,62.1,75.1,66.4,70.2,64.6,60.1,46.4
327,F,2015,2015,Lago Laja,EmbQExtCnv,21,EtaMes,51.2,42.2,47.9,51.2,52.8,61.1,58.2,66.4,68.3,66.8,64.2,60.6
328,F,2015,2015,Lago Laja,EmbQExtCnv,22,EtaMes,43,48.1,52.7,54.1,57.1,59.6,62.3,61.3,60.4,80.8,48,46.6
329,F,2015,2015,Lago Laja,EmbQExtCnv,23,EtaMes,47.5,47.6,49.9,56.5,72,55.1,57.7,67.6,73.5,64.3,62.8,58.9
330,F,2015,2015,Lago Laja,EmbQExtCnv,24,EtaMes,62.9,45,59.1,53,50.3,50.4,50.7,60.1,53.6,84.7,69,66.9
331,F,2015,2015,Lago Laja,EmbQExtCnv,25,EtaMes,52.6,52.7,52.7,53.3,53.6,55,42.9,53.2,65.1,65.3,63.9,60.5
332,F,2015,2015,Lago Laja,EmbQExtCnv,26,EtaMes,58.2,50.1,55.3,51.9,57.9,57.1,49.2,58.8,59.2,56.4,48,46.6
333,F,2015,2015,Lago Laja,EmbQExtCnv,27,EtaMes,48.5,51.6,50.1,70,63.8,64.8,59.1,61.8,62.6,68.9,69.1,67.9
334,F,2015,2015,Lago Laja,EmbQExtCnv,28,EtaMes,66.9,60.3,54.4,37.5,39.9,46.9,50.9,53.8,56.9,67.1,76.4,71.9
335,F,2015,2015,Lago Laja,EmbQExtCnv,29,EtaMes,69,54.6,44.4,48.7,49.8,53.4,48.7,50,52.1,88.4,96.3,64.3
336,F,2015,2015,Lago Laja,EmbQExtCnv,30,EtaMes,36.2,36,36.1,36.5,37,37.6,73.9,82.2,105.8,57.7,54.4,44.3
337,F,2015,2015,Lago Laja,EmbQExtCnv,31,EtaMes,34.5,35,35.6,38.7,65.2,71.1,72.1,99.6,75.1,45.9,43.7,39.8
338,F,2015,2015,Lago Laja,EmbQExtCnv,32,EtaMes,30.2,50.9,61.2,52.2,81.7,60.9,61.5,71.4,80.3,79.9,52.4,38.6
339,F,2015,2015,Lago Laja,EmbQExtCnv,33,EtaMes,33.8,39.1,53.6,68.1,92,65.4,35.9,50.5,69.4,78,77.1,75
340,F,2015,2015,Lago Laja,EmbQExtCnv,34,EtaMes,41.6,44.8,41.1,45.2,55.8,58.5,49.7,62,70.3,77.2,72.9,69.6
341,F,2015,2015,Lago Laja,EmbQExtCnv,35,EtaMes,61.7,57.4,48,47.5,56.2,49.1,44.4,54.6,55.6,68,74.8,72.9
342,F,2015,2015,Lago Laja,EmbQExtCnv,36,EtaMes,48.1,48,52.3,52.4,61,44.6,46,48.7,69.1,79,76.1,73.8
343,F,2015,2015,Lago Laja,EmbQExtCnv,37,EtaMes,59.4,58.5,52.6,59.8,56.6,52.8,47.5,53.2,52.4,81,63,46.7
344,F,2015,2015,Lago Laja,EmbQExtCnv,38,EtaMes,55.9,57.8,58.2,64.1,55.5,53,49.7,51.7,56.2,60.6,61.7,66.6
345,F,2015,2015,Lago Laja,EmbQExtCnv,39,EtaMes,55.7,60.1,62.1,59.7,58.7,52.5,55.2,55.5,52.9,93.8,62.9,49.9
346,F,2015,2015,Lago Laja,EmbQExtCnv,40,EtaMes,48.4,48.5,49,39.6,50.4,51.9,58.4,63.9,84.2,75,50.3,40.6
347,F,2015,2015,Lago Laja,EmbQExtCnv,41,EtaMes,31.8,31.8,40.9,72.5,70.4,59,61.5,79,87.8,67.9,63.5,61.1
348,F,2015,2015,Lago Laja,EmbQExtCnv,42,EtaMes,39,45.6,62.4,47.3,46.9,67.1,71.9,68.3,71.8,94.1,93.5,48
349,F,2015,2015,Lago Laja,EmbQExtCnv,43,EtaMes,69.8,57,53.1,54.4,39.2,45.1,38.7,50,58.6,57.4,61.8,66
350,F,2015,2015,Lago Laja,EmbQExtCnv,44,EtaMes,64.4,58.3,45.7,51.9,52.2,59.6,51.4,52.2,52,66,67.2,70.3
351,F,2015,2015,Lago Laja,EmbQExtCnv,45,EtaMes,50.8,51.2,52.8,54.2,56.4,51.6,47.1,57.8,58.5,77.1,73.3,65.8
352,F,2015,2015,Lago Laja,EmbQExtCnv,46,EtaMes,66,51.5,39,40.8,42.7,49.8,45.8,49,67.1,63.8,60.1,57.8
353,F,2015,2015,Lago Laja,EmbQExtCnv,47,EtaMes,60.9,58.6,54.3,58.6,59.3,59.4,58.7,61.3,54.3,75.5,65.7,50.8
354,F,2015,2015,Lago Laja,EmbQExtCnv,48,EtaMes,50.3,50.4,51.2,52.6,53.5,54.6,56.7,58.4,60.3,62.9,64.2,68.5
355,F,2015,2015,Lago Laja,EmbQExtCnv,49,EtaMes,68.3,67.4,47.9,46,54,46.2,51.6,56.3,61.7,55.3,66.5,61.8
356,F,2015,2015,Lago Laja,EmbQExtCnv,50,EtaMes,62.4,60.3,58.6,58.4,56.4,54.5,49.9,48.5,50.9,111.7,62.1,41.5
357,F,2015,2015,Lago Laja,EmbQExtCnv,51,EtaMes,72.3,72.8,50.6,33.4,51.3,43.4,43.9,47.8,58.3,66.9,66.2,51.4
358,F,2016,2016,Lago Laja,EmbQExtCnv,1,EtaMes,32.9,32.9,41.1,48.4,48.1,48.8,58.8,68.9,88.1,108.3,72.2,40.5
359,F,2016,2016,Lago Laja,EmbQExtCnv,2,EtaMes,33.5,33.4,41.2,53.8,72.3,55.2,63.6,67.7,69.8,68.5,65.1,80.9
360,F,2016,2016,Lago Laja,EmbQExtCnv,3,EtaMes,74,33.3,42,34.9,56.3,55.9,45.4,50.2,53.7,64.9,64.2,50.1
361,F,2016,2016,Lago Laja,EmbQExtCnv,4,EtaMes,38.7,38.8,39.1,39.9,68.4,71.7,44.9,65.7,92.7,88.4,86.7,83.4
362,F,2016,2016,Lago Laja,EmbQExtCnv,5,EtaMes,46.1,45,40.5,35.2,35.9,43.5,49.6,52.1,72.8,83.3,62.1,44.7
363,F,2016,2016,Lago Laja,EmbQExtCnv,6,EtaMes,30.9,54.3,64.7,57.5,60,74.6,61.2,67.6,71.2,68,76.1,70.1
364,F,2016,2016,Lago Laja,EmbQExtCnv,7,EtaMes,56,46.7,47.7,53.4,64.1,65.8,59.3,60.9,50.9,78,72.9,69.7
365,F,2016,2016,Lago Laja,EmbQExtCnv,8,EtaMes,70.4,64.6,60.7,37.5,46.2,47.1,46.2,49.5,55.8,124.1,102.4,45
366,F,2016,2016,Lago Laja,EmbQExtCnv,9,EtaMes,36.8,36.8,36.9,37,47.1,50.4,52.6,57.1,58,47.2,46,37.6
367,F,2016,2016,Lago Laja,EmbQExtCnv,10,EtaMes,31,31.6,58,68.3,60.1,69.1,77.2,66.8,84.5,89.5,77.6,40.2
368,F,2016,2016,Lago Laja,EmbQExtCnv,11,EtaMes,34.2,34.4,45.3,54.3,47.4,49.7,63.4,70,82.9,81.7,74.2,36.9
369,F,2016,2016,Lago Laja,EmbQExtCnv,12,EtaMes,31.6,46,45.6,61.4,62.5,66.8,55.6,53.7,78.2,95.1,72.3,36.4
370,F,2016,2016,Lago Laja,EmbQExtCnv,13,EtaMes,34.9,48.8,52,79.2,54.5,57.9,48.2,53.2,87.1,64.7,62.7,59.5
371,F,2016,2016,Lago Laja,EmbQExtCnv,14,EtaMes,61.8,55.9,57.9,46.6,50.5,56.4,48.7,58.3,57.5,79.1,80.6,79.1
372,F,2016,2016,Lago Laja,EmbQExtCnv,15,EtaMes,33.3,36.4,53.2,51.2,47.2,47.8,72.7,77.5,86.3,63.8,51,39.8
373,F,2016,2016,Lago Laja,EmbQExtCnv,16,EtaMes,38.8,47.8,61.8,78.6,51.3,48.9,72.3,60.4,79.4,98.3,70.2,39.4
374,F,2016,2016,Lago Laja,EmbQExtCnv,17,EtaMes,33.2,33.2,47.5,47.7,47,49.4,53,78.7,84.6,68.2,51.5,41.4
375,F,2016,2016,Lago Laja,EmbQExtCnv,18,EtaMes,32,33.5,48.9,51.4,55.4,74,66.6,60.3,86.1,74.5,70.7,67.9
376,F,2016,2016,Lago Laja,EmbQExtCnv,19,EtaMes,30.6,40.8,43.9,50.4,65.4,62.1,61.5,61,68.3,84.8,84.4,48
377,F,2016,2016,Lago Laja,EmbQExtCnv,20,EtaMes,46.8,46.9,50.8,48,46.8,44.1,52.4,65.9,68,64.3,60.6,48.7
378,F,2016,2016,Lago Laja,EmbQExtCnv,21,EtaMes,57.9,41.7,46.8,57.6,56.1,62.1,57.3,66.5,67.3,66.3,62.6,61.7
379,F,2016,2016,Lago Laja,EmbQExtCnv,22,EtaMes,59.2,41.1,49.9,48.9,54.5,57,56.4,63.4,62.8,82.9,80.7,75.2
380,F,2016,2016,Lago Laja,EmbQExtCnv,23,EtaMes,45.6,45.8,48.4,50.9,70.7,54.5,57.2,68.3,66,62.6,63.1,60.4
381,F,2016,2016,Lago Laja,EmbQExtCnv,24,EtaMes,58.9,57.4,56.3,52.6,55.5,53.1,54.2,55.4,54.9,65.1,54.8,53.3
382,F,2016,2016,Lago Laja,EmbQExtCnv,25,EtaMes,50.4,50.4,50.2,50.7,51,51.2,43.3,52.8,63.8,67.9,65.6,63
383,F,2016,2016,Lago Laja,EmbQExtCnv,26,EtaMes,59,57,55.6,48.6,57.7,51.3,51.7,57.4,56.4,52.4,51.9,51
384,F,2016,2016,Lago Laja,EmbQExtCnv,27,EtaMes,46.5,60.5,47.3,69.3,69.6,72.4,48.3,58.9,59.1,81.8,78.4,49.2
385,F,2016,2016,Lago Laja,EmbQExtCnv,28,EtaMes,67.5,63.1,59.9,44.9,41,49.9,39.1,55.9,58,65.9,63.5,63.3
386,F,2016,2016,Lago Laja,EmbQExtCnv,29,EtaMes,68.4,57.4,42.8,44.8,50.9,49,49.4,51.3,56,113.1,53.2,45.9
387,F,2016,2016,Lago Laja,EmbQExtCnv,30,EtaMes,32.7,32.5,32.5,38.8,43.4,46.8,60.3,75.2,75.3,54.3,55,44.7
388,F,2016,2016,Lago Laja,EmbQExtCnv,31,EtaMes,34.1,34.5,46.6,46.4,76.2,62.8,63.3,71.2,91.8,47,46.2,40.7
389,F,2016,2016,Lago Laja,EmbQExtCnv,32,EtaMes,29.7,46.9,78.1,63.9,66.5,64.8,71.1,69.4,63.3,48.9,47.6,35.8
390,F,2016,2016,Lago Laja,EmbQExtCnv,33,EtaMes,34.6,42,52.4,78.8,60.8,68.5,40.1,61.3,73.7,80.9,77,71.5
391,F,2016,2016,Lago Laja,EmbQExtCnv,34,EtaMes,63.8,45.1,38.7,43.7,47.2,48.1,41,63.4,64.4,72,75.5,70.1
392,F,2016,2016,Lago Laja,EmbQExtCnv,35,EtaMes,67.8,62.3,43.5,40.5,61,48.6,43.9,46.3,51.2,75.6,72.5,71.2
393,F,2016,2016,Lago Laja,EmbQExtCnv,36,EtaMes,67.6,65.2,53.1,48.9,54.5,41.2,38.1,42.9,57.9,60.6,55.3,63
394,F,2016,2016,Lago Laja,EmbQExtCnv,37,EtaMes,50.2,47.7,53.9,47.6,49.7,54.4,55.5,51,46.5,73.8,61.8,60.7
395,F,2016,2016,Lago Laja,EmbQExtCnv,38,EtaMes,52.3,49.2,42.3,45,58.8,60.4,61.1,58.8,65.3,60,58.6,62.8
396,F,2016,2016,Lago Laja,EmbQExtCnv,39,EtaMes,64.8,64.1,60.8,51.9,50.3,55.3,49.6,53.5,45.6,75.8,63.5,50.2
397,F,2016,2016,Lago Laja,EmbQExtCnv,40,EtaMes,45.7,35.3,45.3,37.4,51,52.8,59.5,64.8,85.5,80.5,47.6,40.2
398,F,2016,2016,Lago Laja,EmbQExtCnv,41,EtaMes,32.1,32,39.8,58.9,76.1,64.5,57.2,71.6,84.5,70.4,67.5,61.5
399,F,2016,2016,Lago Laja,EmbQExtCnv,42,EtaMes,42.3,54.7,48.4,44.8,50.5,60.1,56.4,66.5,67.9,78.2,73.7,68.5
400,F,2016,2016,Lago Laja,EmbQExtCnv,43,EtaMes,47.2,48.2,48.5,48.6,45.5,51,38.9,53.3,70,64.3,63.2,60.7
401,F,2016,2016,Lago Laja,EmbQExtCnv,44,EtaMes,63.4,62.1,49.6,53.7,57.6,58.7,53.1,50.3,50.6,60.6,59.9,70.1
402,F,2016,2016,Lago Laja,EmbQExtCnv,45,EtaMes,52.1,66.4,51.5,42.2,55.1,51.9,47.1,56.4,58.1,72.7,70.4,61.1
403,F,2016,2016,Lago Laja,EmbQExtCnv,46,EtaMes,72.2,60.7,41.5,43.3,45.3,51.8,48.2,50.4,55.5,55,53.5,56.4
404,F,2016,2016,Lago Laja,EmbQExtCnv,47,EtaMes,67.1,68.2,46,48.9,51.1,52.4,54.1,56,58.5,55.7,64.5,53.9
405,F,2016,2016,Lago Laja,EmbQExtCnv,48,EtaMes,50.1,50.2,51.1,52.8,53.8,55.1,57.6,59.7,62.1,61.8,68.9,67.7
406,F,2016,2016,Lago Laja,EmbQExtCnv,49,EtaMes,76,44.3,41.5,45.1,48.1,51.1,55.4,61,66.8,51.2,60.2,59.8
407,F,2016,2016,Lago Laja,EmbQExtCnv,50,EtaMes,63.6,61.3,59,58.2,56.2,53.2,50.7,48.6,50.4,90.1,92.7,79.9
408,F,2016,2016,Lago Laja,EmbQExtCnv,51,EtaMes,74,33.3,42,34.9,56.3,55.9,45.4,50.2,53.7,64.9,64.2,50.1
409,F,2017,2017,Lago Laja,EmbQExtCnv,1,EtaMes,63,30.6,53.3,49,44.4,41.7,34.1,53.1,55,89.9,78.4,81.6
410,F,2017,2017,Lago Laja,EmbQExtCnv,2,EtaMes,35.7,35.6,50.2,52.2,71.7,41.4,40.3,44.6,90.8,79.3,82.1,79.9
411,F,2017,2017,Lago Laja,EmbQExtCnv,3,EtaMes,79.6,43.1,42.1,34.8,55,55.3,56.2,55.8,48.5,62.7,62,48.4
412,F,2017,2017,Lago Laja,EmbQExtCnv,4,EtaMes,37.8,37.9,38.3,39,68,78.3,52.8,63.6,89.5,81.6,86.8,83.2
413,F,2017,2017,Lago Laja,EmbQExtCnv,5,EtaMes,61.2,41.2,35.2,34.5,35.7,42.1,48.4,59.4,69.7,58.8,57.1,52.5
414,F,2017,2017,Lago Laja,EmbQExtCnv,6,EtaMes,55.4,86.5,38.8,41.3,43.1,84.4,44.4,48.2,52,72.1,76,72.4
415,F,2017,2017,Lago Laja,EmbQExtCnv,7,EtaMes,55.8,40.9,47.6,49.1,62.5,53.7,49.8,54.7,56.9,62,60.1,72.4
416,F,2017,2017,Lago Laja,EmbQExtCnv,8,EtaMes,66.7,60.6,41.2,37,48.3,47.6,51.7,55,56.3,98.9,92.6,71.9
417,F,2017,2017,Lago Laja,EmbQExtCnv,9,EtaMes,36.4,36.5,36.6,38.1,47.3,51.9,52.1,59.7,57,51.6,50.4,40.4
418,F,2017,2017,Lago Laja,EmbQExtCnv,10,EtaMes,30.4,30.9,53.8,65.8,72.1,77.8,70.7,71.4,79.3,99.2,57.8,44.1
419,F,2017,2017,Lago Laja,EmbQExtCnv,11,EtaMes,33.4,36.9,55,48.9,45.1,48.9,54.7,75,80.2,84.7,67.7,37.5
420,F,2017,2017,Lago Laja,EmbQExtCnv,12,EtaMes,32,46.1,45.7,61.9,69.5,61.9,45.6,54.7,74.4,97.2,95.1,40.1
421,F,2017,2017,Lago Laja,EmbQExtCnv,13,EtaMes,33.3,60.5,44.8,68.5,50.4,49.3,45.6,49.6,78,62.1,68.5,62.3
422,F,2017,2017,Lago Laja,EmbQExtCnv,14,EtaMes,57.7,53.2,57.7,51,56.9,56.8,55.8,54.3,54.3,61.5,57.9,52.5
423,F,2017,2017,Lago Laja,EmbQExtCnv,15,EtaMes,40.1,39.7,49.6,51.9,45.8,47.5,54.5,57.5,59.7,80.6,70.9,37
424,F,2017,2017,Lago Laja,EmbQExtCnv,16,EtaMes,32.8,59.3,65.2,65.5,61.3,54.2,58.4,62.1,69.7,84.8,81.3,65
425,F,2017,2017,Lago Laja,EmbQExtCnv,17,EtaMes,33,33.1,48.2,48.1,47.5,49.7,53.2,77.8,86.1,71.2,59.1,57.6
426,F,2017,2017,Lago Laja,EmbQExtCnv,18,EtaMes,32.4,47.7,51.8,72.5,48.7,67.1,64.2,59.6,77.8,73.9,70.4,65.4
427,F,2017,2017,Lago Laja,EmbQExtCnv,19,EtaMes,62.7,42,48.2,39.5,60.1,55,49,43.4,71.7,74.6,71.6,68
428,F,2017,2017,Lago Laja,EmbQExtCnv,20,EtaMes,30.9,38,31.2,48.6,57.5,52.8,62.5,69.8,76.8,64.1,61.5,56.5
429,F,2017,2017,Lago Laja,EmbQExtCnv,21,EtaMes,53.3,42.1,47.4,53.4,54,66.7,55.5,68.9,69.5,63.6,61.6,50.7
430,F,2017,2017,Lago Laja,EmbQExtCnv,22,EtaMes,51.3,47.2,50.6,51.7,56.1,55.6,55,63.5,62.8,95.5,94.5,47.5
431,F,2017,2017,Lago Laja,EmbQExtCnv,23,EtaMes,43.5,44.2,57.3,46.1,58.1,42.1,41.7,56.7,56.8,64.4,62.9,59
432,F,2017,2017,Lago Laja,EmbQExtCnv,24,EtaMes,59.1,56.2,56.7,52.8,53.6,55.5,49.3,57.8,57.5,94.6,89.4,48
433,F,2017,2017,Lago Laja,EmbQExtCnv,25,EtaMes,51.6,51.2,50.9,51.3,51.6,52.7,58.9,67.4,74.6,68.3,65.3,61.5
434,F,2017,2017,Lago Laja,EmbQExtCnv,26,EtaMes,60.8,54.8,56.1,58.2,50.3,47,53.2,58.8,49,53.1,51.5,50.6
435,F,2017,2017,Lago Laja,EmbQExtCnv,27,EtaMes,50.2,54.1,46.8,63.4,65.3,69.3,47.6,63.7,67.8,69.1,63.9,71.8
436,F,2017,2017,Lago Laja,EmbQExtCnv,28,EtaMes,47.8,47.1,48.1,46.1,48.1,57.8,45,57.8,78.3,83.6,81.7,74.7
437,F,2017,2017,Lago Laja,EmbQExtCnv,29,EtaMes,65.5,61.9,62.4,57,47.6,53.5,45.3,48.4,50.3,76.4,69.3,59.5
438,F,2017,2017,Lago Laja,EmbQExtCnv,30,EtaMes,34.1,33.9,34,34.4,42.9,52.9,76.7,83.2,78.7,53.9,54.7,44.4
439,F,2017,2017,Lago Laja,EmbQExtCnv,31,EtaMes,34.2,34.6,35.2,44.4,77.6,73.6,75.1,99.6,56.1,47,46.2,40.7
440,F,2017,2017,Lago Laja,EmbQExtCnv,32,EtaMes,30.2,50.4,66.4,62.7,75.8,68,64.8,68.8,62.1,57.8,49,36.5
441,F,2017,2017,Lago Laja,EmbQExtCnv,33,EtaMes,32.3,46.4,53.5,92.3,56.4,60.9,76.1,54,78,81,77.2,47
442,F,2017,2017,Lago Laja,EmbQExtCnv,34,EtaMes,43.2,47.2,36.7,46.9,48.6,56.8,43.8,67.5,65.1,69.3,68.8,66
443,F,2017,2017,Lago Laja,EmbQExtCnv,35,EtaMes,66.6,65,37.3,38.2,61,44,41.3,51.4,62.5,74.9,67,63.2
444,F,2017,2017,Lago Laja,EmbQExtCnv,36,EtaMes,68.9,65.1,40.1,41.3,54.5,42.7,44.1,46,62.6,66.7,64.8,63.8
445,F,2017,2017,Lago Laja,EmbQExtCnv,37,EtaMes,60.9,58.9,54.7,61,59.7,59.3,56.9,50.6,42.8,87.2,69.9,60.9
446,F,2017,2017,Lago Laja,EmbQExtCnv,38,EtaMes,60.6,63.9,44.2,50.1,48.4,50.9,52.9,54.8,61.8,61.9,65.2,64.6
447,F,2017,2017,Lago Laja,EmbQExtCnv,39,EtaMes,61.6,60.5,59.9,57.7,56.8,57.2,53,52.6,43.4,71,59.9,48.5
448,F,2017,2017,Lago Laja,EmbQExtCnv,40,EtaMes,49,48.6,48.9,48.7,49.4,50.9,57.1,62.3,79.9,77,73.3,42
449,F,2017,2017,Lago Laja,EmbQExtCnv,41,EtaMes,32.1,32,46.5,49.2,75.7,70,56.1,70.4,82.5,71.4,53.3,41.7
450,F,2017,2017,Lago Laja,EmbQExtCnv,42,EtaMes,39.7,56.4,52.2,38.6,45,60.1,52.1,70.4,71,83.3,77.6,74.1
451,F,2017,2017,Lago Laja,EmbQExtCnv,43,EtaMes,71.1,57.6,60.7,47.7,37.4,45.3,36.6,49.9,59,61.4,69.8,65.5
452,F,2017,2017,Lago Laja,EmbQExtCnv,44,EtaMes,57.2,57.1,48.3,55.8,58.5,56.1,50.9,56.9,55.2,58.3,45.4,44.3
453,F,2017,2017,Lago Laja,EmbQExtCnv,45,EtaMes,49.6,59.5,51.3,50,57,53.6,55.7,60.6,56.1,80.7,73.7,65.2
454,F,2017,2017,Lago Laja,EmbQExtCnv,46,EtaMes,68.1,54.3,45.4,48.2,42.3,57.8,51.6,46.2,66.8,58.6,56.3,54.7
455,F,2017,2017,Lago Laja,EmbQExtCnv,47,EtaMes,57.8,55.9,58.3,59.9,56.8,56.6,57,59.3,57.3,80.6,76.8,74.5
456,F,2017,2017,Lago Laja,EmbQExtCnv,48,EtaMes,53.4,54.1,54.6,55.6,56.1,56.8,58.5,59.9,61.4,57.9,57.8,57.6
457,F,2017,2017,Lago Laja,EmbQExtCnv,49,EtaMes,45.6,73.4,47.2,55.4,52,44.6,50.9,55.5,60.8,50.5,65.1,59.9
458,F,2017,2017,Lago Laja,EmbQExtCnv,50,EtaMes,64.2,64.2,61.8,59.5,57.3,55.5,52.8,48.3,49.5,83.3,81.3,79.2
459,F,2017,2017,Lago Laja,EmbQExtCnv,51,EtaMes,79.6,43.1,42.1,34.8,55,55.3,56.2,55.8,48.5,62.7,62,48.4
460,F,2018,2018,Lago Laja,EmbQExtCnv,1,EtaMes,60.1,41.5,43.2,43.7,43.2,44.1,35.8,57.9,72.1,96.8,101,53.1
461,F,2018,2018,Lago Laja,EmbQExtCnv,2,EtaMes,34.2,34.2,52.7,56,57.3,49.6,38.2,43.1,69.4,69.6,64.2,56.7
462,F,2018,2018,Lago Laja,EmbQExtCnv,3,EtaMes,77.8,42.3,42.2,42.1,43.9,51.6,46.6,53.5,45,74.9,75.6,58
463,F,2018,2018,Lago Laja,EmbQExtCnv,4,EtaMes,36.3,36.4,36.8,37.5,41.3,76.1,88.8,61,96.6,65.5,71.6,60.3
464,F,2018,2018,Lago Laja,EmbQExtCnv,5,EtaMes,68.7,32.9,35.6,33.9,34.7,42.6,48.5,69.2,68.7,69.2,50.6,40.3
465,F,2018,2018,Lago Laja,EmbQExtCnv,6,EtaMes,54.8,61,48.9,64,56.4,91.5,42.8,46.7,50.1,74.6,70,68.5
466,F,2018,2018,Lago Laja,EmbQExtCnv,7,EtaMes,70.6,63,54.8,38,58.6,56.4,39.1,41,43.6,49.6,76.7,78.3
467,F,2018,2018,Lago Laja,EmbQExtCnv,8,EtaMes,75.5,65.9,54.1,37.4,46.4,46.1,52.6,55.2,56.7,94,88.7,66.9
468,F,2018,2018,Lago Laja,EmbQExtCnv,9,EtaMes,38.1,40,37.6,38.9,47.3,52,51.9,61,56.1,75.7,73.8,56.4
469,F,2018,2018,Lago Laja,EmbQExtCnv,10,EtaMes,32.1,32.8,51.3,64.7,67.7,74.6,68.5,67.1,82.1,90,83,72.7
470,F,2018,2018,Lago Laja,EmbQExtCnv,11,EtaMes,35.6,35.7,42.5,50.7,45.5,48.8,62.9,89.8,71.1,88,72.9,37
471,F,2018,2018,Lago Laja,EmbQExtCnv,12,EtaMes,32.4,46.3,45.3,48.9,66.3,65.7,57,55.3,77,90.4,63.1,48.7
472,F,2018,2018,Lago Laja,EmbQExtCnv,13,EtaMes,33.6,45.6,45.6,61.3,51.6,50.2,46.9,50.4,68.5,56.7,63.7,62.7
473,F,2018,2018,Lago Laja,EmbQExtCnv,14,EtaMes,63.7,53.8,58.7,49,54.1,57.2,50.1,51.8,53.8,64.3,59.3,69
474,F,2018,2018,Lago Laja,EmbQExtCnv,15,EtaMes,50.8,49.6,50.7,50.9,51.7,53.1,66,61.5,77.4,93.7,66.6,52.9
475,F,2018,2018,Lago Laja,EmbQExtCnv,16,EtaMes,34.2,50.4,52.8,53.4,70,53.7,58,58.8,64.6,60.7,58.6,57.3
476,F,2018,2018,Lago Laja,EmbQExtCnv,17,EtaMes,33.3,35.6,43.7,44.9,43.6,45.8,64.2,65.6,77.3,86,61.8,44.5
477,F,2018,2018,Lago Laja,EmbQExtCnv,18,EtaMes,38.1,55.8,58.5,82.2,57.5,50,37.2,42.5,73.3,75.9,70.7,67.3
478,F,2018,2018,Lago Laja,EmbQExtCnv,19,EtaMes,65.2,50.5,49.4,38.7,57.9,49.6,47.9,44.1,71.7,72.4,71.9,68.1
479,F,2018,2018,Lago Laja,EmbQExtCnv,20,EtaMes,62.7,43.5,44,51.7,50,49.6,53,57.4,58.9,68.7,64.3,58.9
480,F,2018,2018,Lago Laja,EmbQExtCnv,21,EtaMes,46.4,43.9,47.5,51.6,52.9,61.5,58,69.9,70.5,64.9,64.2,60
481,F,2018,2018,Lago Laja,EmbQExtCnv,22,EtaMes,44.2,45.8,57.3,57.2,58.6,59.9,60.6,62.7,61.9,83.7,52.2,50.8
482,F,2018,2018,Lago Laja,EmbQExtCnv,23,EtaMes,46.7,47.5,51.2,43.3,62.3,44.8,40,56.6,56.7,59.4,61.9,61.6
483,F,2018,2018,Lago Laja,EmbQExtCnv,24,EtaMes,58.1,57.6,59.4,57.3,56.4,49.3,47.1,57,56.1,80.6,56.7,55.8
484,F,2018,2018,Lago Laja,EmbQExtCnv,25,EtaMes,47.2,48,58.1,55.2,70,50.6,37.4,44.5,43.2,56.6,57.7,62.8
485,F,2018,2018,Lago Laja,EmbQExtCnv,26,EtaMes,49.9,53.3,53.1,49.4,59.2,58.7,52.3,60.1,53.6,48.5,47.3,46.3
486,F,2018,2018,Lago Laja,EmbQExtCnv,27,EtaMes,49,53.4,44,60.1,60.6,76.4,49.2,62.3,73.4,72.8,69.3,67.8
487,F,2018,2018,Lago Laja,EmbQExtCnv,28,EtaMes,65,69.4,58.2,40.3,41.2,53.2,43,46.2,63.3,64.6,66.1,64.1
488,F,2018,2018,Lago Laja,EmbQExtCnv,29,EtaMes,46.3,45.8,46.6,46.7,50.4,54.5,42.2,55.2,57.7,76.7,72.3,57.9
489,F,2018,2018,Lago Laja,EmbQExtCnv,30,EtaMes,84.2,49.3,43.1,40.5,43.2,45.9,52.5,54.6,66.8,79,56.8,46
490,F,2018,2018,Lago Laja,EmbQExtCnv,31,EtaMes,34.1,34.6,44.3,48.8,78.6,62.3,73.1,86.5,68.6,55.7,54.8,47.7
491,F,2018,2018,Lago Laja,EmbQExtCnv,32,EtaMes,29.9,44.6,60.2,59,88.1,61.1,62.7,66.5,76.7,63.4,50.6,36.1
492,F,2018,2018,Lago Laja,EmbQExtCnv,33,EtaMes,37.1,39.6,48.9,87.8,93.8,69.5,35.7,55.2,71.7,81.8,77.7,71.2
493,F,2018,2018,Lago Laja,EmbQExtCnv,34,EtaMes,39.7,41.5,39.9,44.8,52.7,63.7,60.9,65.3,71.5,71.3,68.2,65.8
494,F,2018,2018,Lago Laja,EmbQExtCnv,35,EtaMes,65.2,61.3,38.5,39.9,59.6,44.1,42.9,66.9,62.2,77.7,76.7,73.4
495,F,2018,2018,Lago Laja,EmbQExtCnv,36,EtaMes,65.9,68.5,40.5,46,53.5,40.2,41.7,58.8,64,60.7,58.2,58.2
496,F,2018,2018,Lago Laja,EmbQExtCnv,37,EtaMes,61.6,59.7,53.3,58.5,57,55.8,51.3,46.5,45.6,73.8,62.6,61
497,F,2018,2018,Lago Laja,EmbQExtCnv,38,EtaMes,39.9,41.9,43.2,52.1,48.8,52.1,54.8,60.2,73.3,66.8,67.4,78.6
498,F,2018,2018,Lago Laja,EmbQExtCnv,39,EtaMes,62.9,57,61.7,62.3,59.1,43.7,45,50.1,51.1,78.4,66.2,52.6
499,F,2018,2018,Lago Laja,EmbQExtCnv,40,EtaMes,47.9,48.2,49,40.7,50.4,53.3,60.8,71.9,82.4,95.5,50.8,41
500,F,2018,2018,Lago Laja,EmbQExtCnv,41,EtaMes,41.6,40.5,44.3,57.7,56.6,57.1,52,68.1,74.8,70.2,67.2,63.8
501,F,2018,2018,Lago Laja,EmbQExtCnv,42,EtaMes,41.2,63.2,62.5,38.9,45.7,62.9,59.4,69.7,74,83.3,80.3,77.9
502,F,2018,2018,Lago Laja,EmbQExtCnv,43,EtaMes,76.1,57.7,58.6,57,34.3,39.4,38.8,42.9,45.7,57.6,64.8,65.1
503,F,2018,2018,Lago Laja,EmbQExtCnv,44,EtaMes,63.8,62.3,49,49.8,55.1,56.9,49.8,50.2,51.4,64.1,72,68.5
504,F,2018,2018,Lago Laja,EmbQExtCnv,45,EtaMes,52.4,47.4,67.8,55.4,70.4,61.9,57.1,61.8,61.1,87.4,51.4,44.5
505,F,2018,2018,Lago Laja,EmbQExtCnv,46,EtaMes,54.7,53.3,60,39.1,36.7,60.2,51.2,49.4,61.3,67.4,65.8,64.6
506,F,2018,2018,Lago Laja,EmbQExtCnv,47,EtaMes,62.9,64.3,66.8,68.6,64.1,46,44.9,46.6,49.7,66.3,54.3,47.5
507,F,2018,2018,Lago Laja,EmbQExtCnv,48,EtaMes,47.2,47.2,47.7,48.8,49.5,50.5,52.4,54,55.6,49.3,49.2,48.3
508,F,2018,2018,Lago Laja,EmbQExtCnv,49,EtaMes,67.3,66.8,43.1,46.3,52,51.8,56.2,61,66.1,54.7,61.6,61.4
509,F,2018,2018,Lago Laja,EmbQExtCnv,50,EtaMes,64.1,61.9,60,58.1,56.3,54.6,51.7,50.1,52.5,100,100.4,42.8
510,F,2018,2018,Lago Laja,EmbQExtCnv,51,EtaMes,77.8,42.3,42.2,42.1,43.9,51.6,46.6,53.5,45,74.9,75.6,58
511,F,2019,2019,Lago Laja,EmbQExtCnv,1,EtaMes,32.5,32.5,49.9,49.6,49.2,49.6,56.4,60,64.1,84.1,77,60.6
512,F,2019,2019,Lago Laja,EmbQExtCnv,2,EtaMes,52.2,51.8,52.3,38.3,59.6,40.5,42.4,45.1,54,62,65.8,60.3
513,F,2019,2019,Lago Laja,EmbQExtCnv,3,EtaMes,57,74.8,49.2,48.8,50.3,50.9,49.7,51.9,60.9,69.7,69,53.4
514,F,2019,2019,Lago Laja,EmbQExtCnv,4,EtaMes,42.9,43,43.5,52.3,71.8,68.8,47.3,52.2,54.9,55.5,72.7,61.8
515,F,2019,2019,Lago Laja,EmbQExtCnv,5,EtaMes,73.3,80.4,37.5,37.6,38.6,48.1,56.7,58.2,57.3,72.7,65,38.5
516,F,2019,2019,Lago Laja,EmbQExtCnv,6,EtaMes,40.5,69.6,72.6,54.4,55.4,81.6,39.7,51.3,58.6,57.2,60.8,56.2
517,F,2019,2019,Lago Laja,EmbQExtCnv,7,EtaMes,66.4,60.8,58.2,43.6,60.2,56.2,36.2,50.4,40.2,59.4,68.6,54.4
518,F,2019,2019,Lago Laja,EmbQExtCnv,8,EtaMes,77.5,68.4,52.9,51.8,42.9,43.4,44.7,46.9,52.5,56.5,50.8,44.8
519,F,2019,2019,Lago Laja,EmbQExtCnv,9,EtaMes,37.8,40.8,38.4,39.7,50.5,54.1,54.7,62.7,57.7,65.4,63.8,49.6
520,F,2019,2019,Lago Laja,EmbQExtCnv,10,EtaMes,42,42.8,45.1,48,49.8,59.5,68.8,58.7,64.4,61.2,60.1,59.8
521,F,2019,2019,Lago Laja,EmbQExtCnv,11,EtaMes,34.7,38.8,54,47.8,44.2,46.7,52.9,59.5,61.1,74.6,69.3,60.3
522,F,2019,2019,Lago Laja,EmbQExtCnv,12,EtaMes,31.9,53.2,54.3,49.9,54.4,69.4,56,59.4,58.8,60.3,55,50.5
523,F,2019,2019,Lago Laja,EmbQExtCnv,13,EtaMes,47.8,44.7,38.5,72.7,50.5,53.8,45.9,49.4,77.7,60.2,59.1,54.7
524,F,2019,2019,Lago Laja,EmbQExtCnv,14,EtaMes,61.4,53.2,52.9,55.1,56.3,56,49.8,58.6,58.4,58.5,64.7,52.6
525,F,2019,2019,Lago Laja,EmbQExtCnv,15,EtaMes,67.2,59.8,46.5,53.4,58.7,65.3,35.4,54.2,51.4,74.4,65,55.1
526,F,2019,2019,Lago Laja,EmbQExtCnv,16,EtaMes,55.9,50.5,36.2,47.4,75.2,59.5,38.9,41.2,65.7,68.6,59.3,50.2
527,F,2019,2019,Lago Laja,EmbQExtCnv,17,EtaMes,64.1,51.2,53.7,49.3,45.4,57.3,51.5,63.7,71.5,83.4,65.2,47.2
528,F,2019,2019,Lago Laja,EmbQExtCnv,18,EtaMes,34.2,55.2,65.6,47.4,73.3,66.4,37.9,41.3,70.2,58.3,64.6,60.9
529,F,2019,2019,Lago Laja,EmbQExtCnv,19,EtaMes,66.3,61.9,63.7,37.6,55.1,45.5,38.4,45.4,57.3,55.2,54.1,54.1
530,F,2019,2019,Lago Laja,EmbQExtCnv,20,EtaMes,67.7,59.1,49.2,57.5,38.8,40.2,45.4,58,56.8,56.2,50.8,56.1
531,F,2019,2019,Lago Laja,EmbQExtCnv,21,EtaMes,50.6,35.2,39.6,47.3,52,66.6,59.9,72.7,69.1,59.7,60.5,47.8
532,F,2019,2019,Lago Laja,EmbQExtCnv,22,EtaMes,59.3,47.2,49.1,51,54.5,56.2,55.4,63.8,59.2,65.6,58.6,48.6
533,F,2019,2019,Lago Laja,EmbQExtCnv,23,EtaMes,49.9,49.6,55.8,50.4,74.9,47.9,48.6,59.3,59.8,56.7,55.2,52.7
534,F,2019,2019,Lago Laja,EmbQExtCnv,24,EtaMes,62.2,58.8,57.1,57.9,58.6,57,43.4,51.4,55.2,64.6,61.2,51.1
535,F,2019,2019,Lago Laja,EmbQExtCnv,25,EtaMes,54.3,55.7,62.5,61.5,64.1,54.3,41.7,47.6,49,57.6,58.5,52.5
536,F,2019,2019,Lago Laja,EmbQExtCnv,26,EtaMes,57.3,48,53.3,52,64.2,60.7,53.2,61.8,56.5,61.8,56.2,47.4
537,F,2019,2019,Lago Laja,EmbQExtCnv,27,EtaMes,46,49.5,43.7,64.6,72.3,70.3,62.5,66.2,65.8,66.2,54.8,48.3
538,F,2019,2019,Lago Laja,EmbQExtCnv,28,EtaMes,65.4,62.4,51.2,40.6,42.7,52.5,43.5,58.5,58.5,59.9,56.4,49
539,F,2019,2019,Lago Laja,EmbQExtCnv,29,EtaMes,64,63,55.7,53.5,51.4,53.3,40.8,53.8,54.5,66,59.1,53.2
540,F,2019,2019,Lago Laja,EmbQExtCnv,30,EtaMes,51.5,50.7,51.2,51.4,50.5,52.7,40.9,59.3,69.9,84.2,76.1,60.9
541,F,2019,2019,Lago Laja,EmbQExtCnv,31,EtaMes,35.2,35.7,55.1,50,58.5,38.1,52.3,77.3,99.2,77.7,51.9,46.6
542,F,2019,2019,Lago Laja,EmbQExtCnv,32,EtaMes,33.9,48.5,40.2,40.5,92.4,60.3,51.9,78.1,79.3,70,62,52.1
543,F,2019,2019,Lago Laja,EmbQExtCnv,33,EtaMes,32.6,46.9,59.7,72.5,79.3,67.3,56.8,54.1,63.7,60.8,58,58.7
544,F,2019,2019,Lago Laja,EmbQExtCnv,34,EtaMes,42.8,36.3,35.7,42.8,48.2,52.7,47.4,68.2,80.3,59.6,55.5,48
545,F,2019,2019,Lago Laja,EmbQExtCnv,35,EtaMes,62.1,63.1,49.5,39.9,59.7,47.7,38.7,63.6,55.3,63.7,58.9,50.3
546,F,2019,2019,Lago Laja,EmbQExtCnv,36,EtaMes,71.1,59.2,41.2,40.3,52.6,41.8,43.3,46.1,61.5,60.1,58.1,51
547,F,2019,2019,Lago Laja,EmbQExtCnv,37,EtaMes,52.7,61.6,53.3,51,52.2,60.3,56.8,59.4,59.8,66.2,59.2,50.4
548,F,2019,2019,Lago Laja,EmbQExtCnv,38,EtaMes,61.9,44.6,46.7,49.1,51.4,54.1,56.3,58.4,64.4,51.7,50.6,46.3
549,F,2019,2019,Lago Laja,EmbQExtCnv,39,EtaMes,58.4,49.8,49.2,49.2,48.8,48.3,49,57.8,61.3,96.5,85,56.4
550,F,2019,2019,Lago Laja,EmbQExtCnv,40,EtaMes,51,51.9,52.7,53,54.8,43.2,37.4,64.8,78.5,66.3,58,49.8
551,F,2019,2019,Lago Laja,EmbQExtCnv,41,EtaMes,32.5,32.4,46,59.6,64.6,63,38.6,73.3,85.8,62.5,58.7,50.9
552,F,2019,2019,Lago Laja,EmbQExtCnv,42,EtaMes,44,50.7,47.7,42.3,55.1,60.1,58.5,66.9,58.1,60.9,54.7,47.9
553,F,2019,2019,Lago Laja,EmbQExtCnv,43,EtaMes,55.9,60.8,59.6,57.9,35.4,44.1,39.8,43.9,46.6,54.9,58.6,60.1
554,F,2019,2019,Lago Laja,EmbQExtCnv,44,EtaMes,63.5,63.2,41.8,47.1,58.8,60.2,46.5,58.8,57.3,64.1,60.9,52.7
555,F,2019,2019,Lago Laja,EmbQExtCnv,45,EtaMes,59.7,61.4,50.4,47.7,53,52.9,45.3,54.8,55.3,79.3,72.5,48.9
556,F,2019,2019,Lago Laja,EmbQExtCnv,46,EtaMes,32.9,46.3,44.2,45.2,43,64.4,80.3,72.6,70.9,58.5,58.8,52
557,F,2019,2019,Lago Laja,EmbQExtCnv,47,EtaMes,62.1,62.3,39.3,42.5,48.6,49.4,47.3,68.7,66.5,61.4,57,58.4
558,F,2019,2019,Lago Laja,EmbQExtCnv,48,EtaMes,46.8,46.6,59.5,67.1,64.5,63.1,60.2,57.5,50.4,44.1,44.8,42.9
559,F,2019,2019,Lago Laja,EmbQExtCnv,49,EtaMes,48.8,53.4,58.7,61.6,61.4,58.1,64.3,64.1,66,58.3,58.2,55.8
560,F,2019,2019,Lago Laja,EmbQExtCnv,50,EtaMes,65.7,63.4,61,58.7,56.5,54.4,51.7,47.5,47.9,82.9,78.8,76.3
561,F,2019,2019,Lago Laja,EmbQExtCnv,51,EtaMes,57,74.8,49.2,48.8,50.3,50.9,49.7,51.9,60.9,69.7,69,53.4
562,F,2020,2020,Lago Laja,EmbQExtCnv,1,EtaMes,72.9,70.1,37.7,47.6,56.6,40.1,36.7,38.8,46.3,144.3,225.4,323.2
563,F,2020,2020,Lago Laja,EmbQExtCnv,2,EtaMes,63.1,35.7,58.9,36.6,63,41.9,40.9,45.1,78.5,205.3,256.7,234
564,F,2020,2020,Lago Laja,EmbQExtCnv,3,EtaMes,80.3,81.2,45.5,74.4,39.2,43,39.3,41,52.2,196.6,236.8,260.7
565,F,2020,2020,Lago Laja,EmbQExtCnv,4,EtaMes,40,40.1,40.5,42.2,65.8,105.6,47.6,56.4,55.2,251,305.7,143.9
566,F,2020,2020,Lago Laja,EmbQExtCnv,5,EtaMes,90.6,84.2,79,68.6,32.2,32.4,33.5,35.1,40.4,271.5,248,175.7
567,F,2020,2020,Lago Laja,EmbQExtCnv,6,EtaMes,45.1,69.2,57.1,55.7,54,89.4,40.1,42.6,55.6,241.7,244.9,208.2
568,F,2020,2020,Lago Laja,EmbQExtCnv,7,EtaMes,76.7,75,65.8,45.1,73.7,65.4,31.3,42.6,35.3,159.7,263.9,273.1
569,F,2020,2020,Lago Laja,EmbQExtCnv,8,EtaMes,76.9,66.3,63.3,63.9,49.1,54.9,34.4,37.5,56.6,222.6,262.1,211.8
570,F,2020,2020,Lago Laja,EmbQExtCnv,9,EtaMes,45.4,52.1,49.3,75.3,64,68.3,57.6,65.2,54.2,192.2,355.3,158
571,F,2020,2020,Lago Laja,EmbQExtCnv,10,EtaMes,37.9,38.7,40.7,43.3,45,57.9,64.8,88.7,88.9,192.7,266.8,237.4
572,F,2020,2020,Lago Laja,EmbQExtCnv,11,EtaMes,79.1,71.7,49.5,52.4,48.8,55.8,34.6,49.5,62.1,252,287.3,159.7
573,F,2020,2020,Lago Laja,EmbQExtCnv,12,EtaMes,72.1,53.6,71.7,34.6,41.6,70.6,38.2,41.3,58.3,185.1,310.3,205.7
574,F,2020,2020,Lago Laja,EmbQExtCnv,13,EtaMes,40,60.3,38.8,69.3,42.9,68.3,59.8,61.1,76.9,227.8,238,228.3
575,F,2020,2020,Lago Laja,EmbQExtCnv,14,EtaMes,74.6,68.2,55,47.1,47.8,57.7,43.3,57,60.2,167.9,258.9,269.4
576,F,2020,2020,Lago Laja,EmbQExtCnv,15,EtaMes,79.2,69.6,38,55.6,60.8,58.1,35.5,55.2,57.1,289.6,260.5,146.3
577,F,2020,2020,Lago Laja,EmbQExtCnv,16,EtaMes,83.8,47.8,52.8,66.8,63.3,59.1,35,39.7,42.2,191.7,273.2,232.7
578,F,2020,2020,Lago Laja,EmbQExtCnv,17,EtaMes,78.5,76.2,48.3,61.1,59.8,55.4,33.1,36.4,57,313.3,254.1,128.3
579,F,2020,2020,Lago Laja,EmbQExtCnv,18,EtaMes,35.7,59.9,70.5,57.2,65.1,40.1,41.3,42.4,75.6,237.8,239.7,216.8
580,F,2020,2020,Lago Laja,EmbQExtCnv,19,EtaMes,81.9,80.1,76.6,32.9,48.3,39.8,37.5,40.2,63.9,215.3,217,259.8
581,F,2020,2020,Lago Laja,EmbQExtCnv,20,EtaMes,72.1,70.3,68.7,60.5,32.8,44.7,68.3,52.9,50.3,256.4,253.5,185.8
582,F,2020,2020,Lago Laja,EmbQExtCnv,21,EtaMes,52.6,39.1,39.1,50.9,49.9,68.2,77.3,69,74.3,218.1,222.7,251.9
583,F,2020,2020,Lago Laja,EmbQExtCnv,22,EtaMes,74.7,38.6,39.6,48.1,50.1,61.5,63.9,67.9,72.5,162.5,244.7,287.6
584,F,2020,2020,Lago Laja,EmbQExtCnv,23,EtaMes,61.8,47,58.3,59.7,62.8,43.3,63.4,52.3,62.4,228.3,226.2,238.5
585,F,2020,2020,Lago Laja,EmbQExtCnv,24,EtaMes,63.6,61.3,60.2,57.6,58.2,56.8,54.6,50.4,56.6,240.3,225.7,227
586,F,2020,2020,Lago Laja,EmbQExtCnv,25,EtaMes,81,79.2,77.6,65.9,45.7,45,31.9,41.4,40.4,176.6,261.4,258.4
587,F,2020,2020,Lago Laja,EmbQExtCnv,26,EtaMes,66.8,48.6,60.6,58.1,57.6,55.8,42.4,58.5,67.6,237.8,228.7,226.7
588,F,2020,2020,Lago Laja,EmbQExtCnv,27,EtaMes,69,34.6,40.1,63.7,63,65.6,44.9,68.7,69.5,229.1,241.3,224.1
589,F,2020,2020,Lago Laja,EmbQExtCnv,28,EtaMes,75.2,73.2,51,37.2,48.9,68.7,36.8,55,69.4,289.2,285.1,124.3
590,F,2020,2020,Lago Laja,EmbQExtCnv,29,EtaMes,69.1,62.7,51.5,47.7,46.2,52.9,64.4,59.9,64.5,239.3,253.3,203
591,F,2020,2020,Lago Laja,EmbQExtCnv,30,EtaMes,80.4,75.5,61.7,58.6,46.8,55.5,38.3,36.8,52.6,243.7,309.8,147.7
592,F,2020,2020,Lago Laja,EmbQExtCnv,31,EtaMes,58.1,55.4,40.5,41.1,46.6,43.7,46.3,69.1,63.3,132.3,248.9,314.1
593,F,2020,2020,Lago Laja,EmbQExtCnv,32,EtaMes,34.2,40.3,40.2,40.8,77,61,50.6,76.8,85.8,299.3,306.2,95.3
594,F,2020,2020,Lago Laja,EmbQExtCnv,33,EtaMes,82.2,33.9,35.9,53.5,68.5,57.1,39.6,54.1,75.6,182,244.3,268.4
595,F,2020,2020,Lago Laja,EmbQExtCnv,34,EtaMes,79.8,41.8,34,40.8,54.5,53.7,41.4,75.2,85.9,221.9,233.6,238.2
596,F,2020,2020,Lago Laja,EmbQExtCnv,35,EtaMes,71.4,57.1,35.4,38.6,62.2,64,67.5,62.4,62.2,164.6,254.1,277
597,F,2020,2020,Lago Laja,EmbQExtCnv,36,EtaMes,78.1,76.1,46.5,43.2,56.3,42,38.6,54.7,75.5,257.6,250.9,186.9
598,F,2020,2020,Lago Laja,EmbQExtCnv,37,EtaMes,68.3,65.7,50.2,59.1,55.5,59.3,52.5,56.8,47.8,242.5,245.9,206.6
599,F,2020,2020,Lago Laja,EmbQExtCnv,38,EtaMes,80.9,72.5,36.2,63.1,35.1,40.4,42,62.2,75.8,237.5,234.1,222.1
600,F,2020,2020,Lago Laja,EmbQExtCnv,39,EtaMes,46.8,49.8,56,65.9,65.2,67,58.9,63.3,62.1,171.2,257.1,267.7
601,F,2020,2020,Lago Laja,EmbQExtCnv,40,EtaMes,39,39,49.5,54,58.3,41.3,43.7,50.6,71.8,175.9,203.5,311.4
602,F,2020,2020,Lago Laja,EmbQExtCnv,41,EtaMes,80.3,78.1,31.8,33.7,45.8,65.9,36.7,63.9,74.2,229,244.9,220.9
603,F,2020,2020,Lago Laja,EmbQExtCnv,42,EtaMes,75.4,49.2,34.1,36.7,40.8,59.1,67.7,73.3,76.1,239.1,238,217.1
604,F,2020,2020,Lago Laja,EmbQExtCnv,43,EtaMes,72.2,69.7,66.6,66.8,40.1,48.2,37.8,61.6,58,231.6,235.8,226.5
605,F,2020,2020,Lago Laja,EmbQExtCnv,44,EtaMes,72.6,69.3,40.1,44.8,55.3,56.9,44.5,64.3,63.1,206.8,258.4,230.9
606,F,2020,2020,Lago Laja,EmbQExtCnv,45,EtaMes,67.9,71.1,43.1,42.3,60.2,76.2,46.7,38,61,157.6,278.4,262.1
607,F,2020,2020,Lago Laja,EmbQExtCnv,46,EtaMes,35,42.6,37.2,58.2,46.9,82.2,59,66.5,57,208.7,240.4,245.2
608,F,2020,2020,Lago Laja,EmbQExtCnv,47,EtaMes,76.1,74.5,40.5,39,55,51.5,38.1,64.4,76,224.6,234.6,234.6
609,F,2020,2020,Lago Laja,EmbQExtCnv,48,EtaMes,75.8,77.1,75,67.1,51.9,33.5,38.5,46.3,42.1,240.6,243.8,210.3
610,F,2020,2020,Lago Laja,EmbQExtCnv,49,EtaMes,69.7,69.1,44.2,60.4,69.3,54.1,72.5,67.7,44.1,138.1,279.8,280.3
611,F,2020,2020,Lago Laja,EmbQExtCnv,50,EtaMes,75,83.7,60.2,62.3,51.9,51.6,44.7,46.4,36.1,256.6,253.7,185.4
612,F,2020,2020,Lago Laja,EmbQExtCnv,51,EtaMes,80.3,81.2,45.5,74.4,39.2,43,39.3,41,52.2,196.6,236.8,260.7
