CenINum,CenAñoFRlt,CenAñoIni,CenAñoFin,CenIBlo,CenNom,CenDatTip,CenEtaTip,abr,may,jun,jul,ago,sep,oct,nov,dic,ene,feb,mar
1,F,*,*,1,Eolica Canela 01,CenPotMax,EtaMes,0,2.9,2.93,1.8,0.9,2.67,2.97,4.85,3.5,0.85,0.1,0.07
1,F,*,*,2,Eolica Canela 01,CenPotMax,EtaMes,0,2.9,2.93,1.8,0.9,2.67,2.97,4.85,3.5,0.85,0.1,0.07
1,F,*,*,3,Eolica Canela 01,CenPotMax,EtaMes,0,0,3.63,1.43,0.82,0.24,2.46,2.52,2.28,0.45,0.07,0
1,F,*,*,4,Eolica Canela 01,CenPotMax,EtaMes,0,0,3.63,1.43,0.82,0.24,2.46,2.52,2.28,0.45,0.07,0
1,F,*,*,5,Eolica Canela 01,CenPotMax,EtaMes,0,0,2,2.2,0.1,0.43,0.1,0.2,1.7,0,0,0
1,F,*,*,6,Eolica Canela 01,CenPotMax,EtaMes,0,0,2,2.2,0.1,0.43,0.1,0.2,1.7,0,0,0
1,F,*,*,7,Eolica Canela 01,CenPotMax,EtaMes,0,0.87,2.65,2.55,0.53,0.33,0.2,1.27,1.27,0,0,0
1,F,*,*,8,Eolica Canela 01,CenPotMax,EtaMes,0,0.87,2.65,2.55,0.53,0.33,0.2,1.27,1.27,0,0,0
1,F,*,*,9,Eolica Canela 01,CenPotMax,EtaMes,0,3.82,6.67,4.67,2.63,2.6,0.3,5.66,4.02,2.07,2.93,0.08
1,F,*,*,10,Eolica Canela 01,CenPotMax,EtaMes,0,3.82,6.67,4.67,2.63,2.6,0.3,5.66,4.02,2.07,2.93,0.08
1,F,*,*,11,Eolica Canela 01,CenPotMax,EtaMes,0,7.25,5.9,4.3,2.85,7.2,3.5,5.5,6.73,3.95,7.55,0
1,F,*,*,12,Eolica Canela 01,CenPotMax,EtaMes,0,7.25,5.9,4.3,2.85,7.2,3.5,5.5,6.73,3.95,7.55,0
1,F,*,*,13,Eolica Canela 01,CenPotMax,EtaMes,0,4.6,4.5,3.5,3,9.8,3.5,4.7,5.6,2.45,4.45,0
1,F,*,*,14,Eolica Canela 01,CenPotMax,EtaMes,0,4.6,4.5,3.5,3,9.8,3.5,4.7,5.6,2.45,4.45,0
1,F,*,*,15,Eolica Canela 01,CenPotMax,EtaMes,0.2,3.6,5.12,1.98,1.67,8.4,2.2,4.5,6.6,1.37,2.5,0.2
1,F,*,*,16,Eolica Canela 01,CenPotMax,EtaMes,0.2,3.6,5.12,1.98,1.67,8.4,2.2,4.5,6.6,1.37,2.5,0.2
2,F,*,*,1,Eolica Canela 02,CenPotMax,EtaMes,0,13.63,20.6,11.5,7.13,23.33,13.53,14.9,17.27,7.65,7.8,0.6
2,F,*,*,2,Eolica Canela 02,CenPotMax,EtaMes,0,13.63,20.6,11.5,7.13,23.33,13.53,14.9,17.27,7.65,7.8,0.6
2,F,*,*,3,Eolica Canela 02,CenPotMax,EtaMes,0,0,24.67,8.5,2.97,5.48,9.76,9.4,16.5,4.13,2.95,0.02
2,F,*,*,4,Eolica Canela 02,CenPotMax,EtaMes,0,0,24.67,8.5,2.97,5.48,9.76,9.4,16.5,4.13,2.95,0.02
2,F,*,*,5,Eolica Canela 02,CenPotMax,EtaMes,0,0,13.45,26,1.35,8.67,2.6,1.65,13.55,3.6,0.4,0.1
2,F,*,*,6,Eolica Canela 02,CenPotMax,EtaMes,0,0,13.45,26,1.35,8.67,2.6,1.65,13.55,3.6,0.4,0.1
2,F,*,*,7,Eolica Canela 02,CenPotMax,EtaMes,0,4.23,24.03,25.25,3.63,7.6,5,8.73,11.77,1.95,1.2,0
2,F,*,*,8,Eolica Canela 02,CenPotMax,EtaMes,0,4.23,24.03,25.25,3.63,7.6,5,8.73,11.77,1.95,1.2,0
2,F,*,*,9,Eolica Canela 02,CenPotMax,EtaMes,0,18.8,40.97,38.67,10.27,32.08,6.27,16.9,17.1,8.94,11.71,0.13
2,F,*,*,10,Eolica Canela 02,CenPotMax,EtaMes,0,18.8,40.97,38.67,10.27,32.08,6.27,16.9,17.1,8.94,11.71,0.13
2,F,*,*,11,Eolica Canela 02,CenPotMax,EtaMes,0,35.05,31.7,37.5,15.4,51.2,15.45,30.5,26.2,12.35,30.65,1.4
2,F,*,*,12,Eolica Canela 02,CenPotMax,EtaMes,0,35.05,31.7,37.5,15.4,51.2,15.45,30.5,26.2,12.35,30.65,1.4
2,F,*,*,13,Eolica Canela 02,CenPotMax,EtaMes,0,28.75,26.4,12,18.7,53.3,18.7,22.8,34,14.8,21.7,2.2
2,F,*,*,14,Eolica Canela 02,CenPotMax,EtaMes,0,28.75,26.4,12,18.7,53.3,18.7,22.8,34,14.8,21.7,2.2
2,F,*,*,15,Eolica Canela 02,CenPotMax,EtaMes,2.93,17.95,28.83,21.75,16.4,43.87,16.6,18.4,37.15,6.1,15.4,2.93
2,F,*,*,16,Eolica Canela 02,CenPotMax,EtaMes,2.93,17.95,28.83,21.75,16.4,43.87,16.6,18.4,37.15,6.1,15.4,2.93
3,F,*,*,1,Eólica Lebu,CenPotMax,EtaMes,2.42,1,1,0,0,0,0.33,0.35,0,1.05,4.45,0.57
3,F,*,*,2,Eólica Lebu,CenPotMax,EtaMes,2.42,1,1,0,0,0,0.33,0.35,0,1.05,4.45,0.57
3,F,*,*,3,Eólica Lebu,CenPotMax,EtaMes,2.2,1.17,1.17,0,0,0,1.54,0,0,0.8,3.15,0.22
3,F,*,*,4,Eólica Lebu,CenPotMax,EtaMes,2.2,1.17,1.17,0,0,0,1.54,0,0,0.8,3.15,0.22
3,F,*,*,5,Eólica Lebu,CenPotMax,EtaMes,3.55,1,1,0,0,0,1.17,0,0,0.2,3,0
3,F,*,*,6,Eólica Lebu,CenPotMax,EtaMes,3.55,1,1,0,0,0,1.17,0,0,0.2,3,0
3,F,*,*,7,Eólica Lebu,CenPotMax,EtaMes,2.15,1,1,0,0,0,0.53,0.07,0.27,0,3.3,0
3,F,*,*,8,Eólica Lebu,CenPotMax,EtaMes,2.15,1,1,0,0,0,0.53,0.07,0.27,0,3.3,0
3,F,*,*,9,Eólica Lebu,CenPotMax,EtaMes,2.3,0.75,0.67,0,0,0,1.37,1.18,2.96,0.07,2.83,0
3,F,*,*,10,Eólica Lebu,CenPotMax,EtaMes,2.3,0.75,0.67,0,0,0,1.37,1.18,2.96,0.07,2.83,0
3,F,*,*,11,Eólica Lebu,CenPotMax,EtaMes,1.5,0.5,0,0,0,0,1.25,1.23,2.43,0.45,1.35,0.2
3,F,*,*,12,Eólica Lebu,CenPotMax,EtaMes,1.5,0.5,0,0,0,0,1.25,1.23,2.43,0.45,1.35,0.2
3,F,*,*,13,Eólica Lebu,CenPotMax,EtaMes,0.3,1,1,0,0,0,0.5,1.1,0.75,0.1,1.3,0.3
3,F,*,*,14,Eólica Lebu,CenPotMax,EtaMes,0.3,1,1,0,0,0,0.5,1.1,0.75,0.1,1.3,0.3
3,F,*,*,15,Eólica Lebu,CenPotMax,EtaMes,0.07,0.5,0.75,0,0,0,0.43,0.8,0,0.07,1.67,0.07
3,F,*,*,16,Eólica Lebu,CenPotMax,EtaMes,0.07,0.5,0.75,0,0,0,0.43,0.8,0,0.07,1.67,0.07
4,F,*,*,1,Eolica Totoral,CenPotMax,EtaMes,3.92,13.2,13.07,12.35,5.67,20.93,16.97,24.95,14.37,3.4,5.55,1.57
4,F,*,*,2,Eolica Totoral,CenPotMax,EtaMes,3.92,13.2,13.07,12.35,5.67,20.93,16.97,24.95,14.37,3.4,5.55,1.57
4,F,*,*,3,Eolica Totoral,CenPotMax,EtaMes,2.48,0,17.1,10.28,5.87,7.08,14.94,12.06,7.85,2,1.62,0
4,F,*,*,4,Eolica Totoral,CenPotMax,EtaMes,2.48,0,17.1,10.28,5.87,7.08,14.94,12.06,7.85,2,1.62,0
4,F,*,*,5,Eolica Totoral,CenPotMax,EtaMes,0.6,0,9.3,13.95,1,8.47,1.7,1.5,9.9,0,0,0
4,F,*,*,6,Eolica Totoral,CenPotMax,EtaMes,0.6,0,9.3,13.95,1,8.47,1.7,1.5,9.9,0,0,0
4,F,*,*,7,Eolica Totoral,CenPotMax,EtaMes,0.22,1.6,5.55,6.63,2.12,2.13,1.13,1.7,1.67,0,0,0
4,F,*,*,8,Eolica Totoral,CenPotMax,EtaMes,0.22,1.6,5.55,6.63,2.12,2.13,1.13,1.7,1.67,0,0,0
4,F,*,*,9,Eolica Totoral,CenPotMax,EtaMes,0.57,9.3,12.23,7.2,5.83,19.5,3.28,17.08,10.9,5.97,7.27,0.58
4,F,*,*,10,Eolica Totoral,CenPotMax,EtaMes,0.57,9.3,12.23,7.2,5.83,19.5,3.28,17.08,10.9,5.97,7.27,0.58
4,F,*,*,11,Eolica Totoral,CenPotMax,EtaMes,3.1,18.55,14.1,8.85,9.45,40.15,5.55,25.2,18.67,9.6,17.05,0.47
4,F,*,*,12,Eolica Totoral,CenPotMax,EtaMes,3.1,18.55,14.1,8.85,9.45,40.15,5.55,25.2,18.67,9.6,17.05,0.47
4,F,*,*,13,Eolica Totoral,CenPotMax,EtaMes,1.35,20.85,11.9,8.6,10.4,39.5,5.8,18.7,27.1,10.35,10.9,0
4,F,*,*,14,Eolica Totoral,CenPotMax,EtaMes,1.35,20.85,11.9,8.6,10.4,39.5,5.8,18.7,27.1,10.35,10.9,0
4,F,*,*,15,Eolica Totoral,CenPotMax,EtaMes,3.47,21.1,16.35,13.92,12.1,40.67,7.53,18.85,29.4,10.13,6.6,3.47
4,F,*,*,16,Eolica Totoral,CenPotMax,EtaMes,3.47,21.1,16.35,13.92,12.1,40.67,7.53,18.85,29.4,10.13,6.6,3.47
5,F,*,*,1,Monte Redondo,CenPotMax,EtaMes,6.75,7.07,8.43,2.25,7.83,19.8,9.37,20.45,13.6,9,3.85,0.87
5,F,*,*,2,Monte Redondo,CenPotMax,EtaMes,6.75,7.07,8.43,2.25,7.83,19.8,9.37,20.45,13.6,9,3.85,0.87
5,F,*,*,3,Monte Redondo,CenPotMax,EtaMes,9.4,0,6.98,7.77,4.32,3.52,14.94,11.22,13.3,6.8,1.27,0
5,F,*,*,4,Monte Redondo,CenPotMax,EtaMes,9.4,0,6.98,7.77,4.32,3.52,14.94,11.22,13.3,6.8,1.27,0
5,F,*,*,5,Monte Redondo,CenPotMax,EtaMes,1.45,0.55,6.95,6,4.05,0.67,5.33,6.2,10,1,0.2,0
5,F,*,*,6,Monte Redondo,CenPotMax,EtaMes,1.45,0.55,6.95,6,4.05,0.67,5.33,6.2,10,1,0.2,0
5,F,*,*,7,Monte Redondo,CenPotMax,EtaMes,0.6,6.83,8.15,3.17,8.03,1.17,1.53,4.43,8.27,0,0.15,0
5,F,*,*,8,Monte Redondo,CenPotMax,EtaMes,0.6,6.83,8.15,3.17,8.03,1.17,1.53,4.43,8.27,0,0.15,0
5,F,*,*,9,Monte Redondo,CenPotMax,EtaMes,8.18,14.2,11.9,6.43,10.43,9.25,8.65,23.26,20.16,9.7,9.39,0
5,F,*,*,10,Monte Redondo,CenPotMax,EtaMes,8.18,14.2,11.9,6.43,10.43,9.25,8.65,23.26,20.16,9.7,9.39,0
5,F,*,*,11,Monte Redondo,CenPotMax,EtaMes,10.7,18.75,15.8,8.15,12.15,14.4,16.6,33.3,31.83,22.4,19.05,0
5,F,*,*,12,Monte Redondo,CenPotMax,EtaMes,10.7,18.75,15.8,8.15,12.15,14.4,16.6,33.3,31.83,22.4,19.05,0
5,F,*,*,13,Monte Redondo,CenPotMax,EtaMes,6.2,17.75,17.6,4.7,14.2,31.2,15.1,33.1,31.2,18.95,21.45,0
5,F,*,*,14,Monte Redondo,CenPotMax,EtaMes,6.2,17.75,17.6,4.7,14.2,31.2,15.1,33.1,31.2,18.95,21.45,0
5,F,*,*,15,Monte Redondo,CenPotMax,EtaMes,2.7,24.1,7.12,4.88,12.33,25.1,7.33,34.3,22.65,15.73,12.07,2.7
5,F,*,*,16,Monte Redondo,CenPotMax,EtaMes,2.7,24.1,7.12,4.88,12.33,25.1,7.33,34.3,22.65,15.73,12.07,2.7
6,F,*,*,1,Ucuquer I,CenPotMax,EtaMes,0.19822335,2.180456853,4.89251269,3.991497462,0.234263959,4.568147208,0.846954315,3.189593909,0.11713198,0.846954315,0,0.19822335
6,F,*,*,2,Ucuquer I,CenPotMax,EtaMes,0.19822335,2.180456853,4.89251269,3.991497462,0.234263959,4.568147208,0.846954315,3.189593909,0.11713198,0.846954315,0,0.19822335
6,F,*,*,3,Ucuquer I,CenPotMax,EtaMes,0.036040609,0.603680203,3.730203046,2.703045685,0.684771574,5.532233503,2.315609137,2.531852792,0.009010152,0.135152284,0.018020305,0.162182741
6,F,*,*,4,Ucuquer I,CenPotMax,EtaMes,0.036040609,0.603680203,3.730203046,2.703045685,0.684771574,5.532233503,2.315609137,2.531852792,0.009010152,0.135152284,0.018020305,0.162182741
6,F,*,*,5,Ucuquer I,CenPotMax,EtaMes,0.036040609,0.099111675,6.514340102,4.081598985,1.414593909,7.1,3.189593909,0.477538071,0,0.018020305,0.072081218,0.261294416
6,F,*,*,6,Ucuquer I,CenPotMax,EtaMes,0.036040609,0.099111675,6.514340102,4.081598985,1.414593909,7.1,3.189593909,0.477538071,0,0.018020305,0.072081218,0.261294416
6,F,*,*,7,Ucuquer I,CenPotMax,EtaMes,0,0,5.964720812,3.369796954,1.090228426,5.784517766,0.324365482,0.072081218,0,0,0.018020305,0.522588832
6,F,*,*,8,Ucuquer I,CenPotMax,EtaMes,0,0,5.964720812,3.369796954,1.090228426,5.784517766,0.324365482,0.072081218,0,0,0.018020305,0.522588832
6,F,*,*,9,Ucuquer I,CenPotMax,EtaMes,0.252284264,0.009010152,3.11751269,1.450634518,0,2.621954315,0.360406091,0.792893401,0.378426396,0.792893401,0.648730964,1.441624365
6,F,*,*,10,Ucuquer I,CenPotMax,EtaMes,0.252284264,0.009010152,3.11751269,1.450634518,0,2.621954315,0.360406091,0.792893401,0.378426396,0.792893401,0.648730964,1.441624365
6,F,*,*,11,Ucuquer I,CenPotMax,EtaMes,0.306345178,0.036040609,4.18071066,1.45964467,0,2.036294416,1.153299492,1.874111675,1.441624365,2.009263959,1.468654822,0.045050761
6,F,*,*,12,Ucuquer I,CenPotMax,EtaMes,0.306345178,0.036040609,4.18071066,1.45964467,0,2.036294416,1.153299492,1.874111675,1.441624365,2.009263959,1.468654822,0.045050761
6,F,*,*,13,Ucuquer I,CenPotMax,EtaMes,0.189213198,0.846954315,2.432741117,2.612944162,0,4.072588832,0.603680203,1.89213198,1.45964467,1.306472081,2.063324873,0.090101523
6,F,*,*,14,Ucuquer I,CenPotMax,EtaMes,0.189213198,0.846954315,2.432741117,2.612944162,0,4.072588832,0.603680203,1.89213198,1.45964467,1.306472081,2.063324873,0.090101523
6,F,*,*,15,Ucuquer I,CenPotMax,EtaMes,0,1.57677665,4.81142132,5.099746193,0.036040609,5.478172589,0.369416244,1.648857868,0.297335025,1.630837563,0.144162437,0
6,F,*,*,16,Ucuquer I,CenPotMax,EtaMes,0,1.57677665,4.81142132,5.099746193,0.036040609,5.478172589,0.369416244,1.648857868,0.297335025,1.630837563,0.144162437,0
7,F,*,*,1,Ucuquer II Eólico,CenPotMax,EtaMes,0.179487179,3.42022792,8.685185185,6.93019943,0.199430199,8.126780627,1.715099715,4.716524217,0.339031339,2.024216524,0,0.14957265
7,F,*,*,2,Ucuquer II Eólico,CenPotMax,EtaMes,0.179487179,3.42022792,8.685185185,6.93019943,0.199430199,8.126780627,1.715099715,4.716524217,0.339031339,2.024216524,0,0.14957265
7,F,*,*,3,Ucuquer II Eólico,CenPotMax,EtaMes,0.00997151,0.269230769,7.378917379,6.98005698,1.495726496,9.961538462,5.584045584,2.931623932,0.02991453,0.259259259,0,0.04985755
7,F,*,*,4,Ucuquer II Eólico,CenPotMax,EtaMes,0.00997151,0.269230769,7.378917379,6.98005698,1.495726496,9.961538462,5.584045584,2.931623932,0.02991453,0.259259259,0,0.04985755
7,F,*,*,5,Ucuquer II Eólico,CenPotMax,EtaMes,0.01994302,0.05982906,10.48005698,10.5,3.180911681,10.49002849,8.196581197,0.269230769,0,0,0,0.329059829
7,F,*,*,6,Ucuquer II Eólico,CenPotMax,EtaMes,0.01994302,0.05982906,10.48005698,10.5,3.180911681,10.49002849,8.196581197,0.269230769,0,0,0,0.329059829
7,F,*,*,7,Ucuquer II Eólico,CenPotMax,EtaMes,0,0,9.841880342,7.867521368,2.672364672,10.14102564,0.668091168,0.02991453,0,0,0,0.478632479
7,F,*,*,8,Ucuquer II Eólico,CenPotMax,EtaMes,0,0,9.841880342,7.867521368,2.672364672,10.14102564,0.668091168,0.02991453,0,0,0,0.478632479
7,F,*,*,9,Ucuquer II Eólico,CenPotMax,EtaMes,0.16951567,0,4.158119658,2.502849003,0,3.928774929,0.339031339,1.126780627,0.339031339,1.186609687,0.707977208,1.814814815
7,F,*,*,10,Ucuquer II Eólico,CenPotMax,EtaMes,0.16951567,0,4.158119658,2.502849003,0,3.928774929,0.339031339,1.126780627,0.339031339,1.186609687,0.707977208,1.814814815
7,F,*,*,11,Ucuquer II Eólico,CenPotMax,EtaMes,0.16951567,0,4.676638177,1.784900285,0,2.632478632,1.266381766,3.35042735,2.183760684,3.50997151,2.004273504,0.04985755
7,F,*,*,12,Ucuquer II Eólico,CenPotMax,EtaMes,0.16951567,0,4.676638177,1.784900285,0,2.632478632,1.266381766,3.35042735,2.183760684,3.50997151,2.004273504,0.04985755
7,F,*,*,13,Ucuquer II Eólico,CenPotMax,EtaMes,0.358974359,1.037037037,2.861823362,4.118233618,0,6.012820513,0.737891738,2.792022792,2.233618234,1.804843305,1.376068376,0
7,F,*,*,14,Ucuquer II Eólico,CenPotMax,EtaMes,0.358974359,1.037037037,2.861823362,4.118233618,0,6.012820513,0.737891738,2.792022792,2.233618234,1.804843305,1.376068376,0
7,F,*,*,15,Ucuquer II Eólico,CenPotMax,EtaMes,0,1.735042735,7.897435897,8.376068376,0.11965812,9.213675214,0.07977208,2.403133903,0.618233618,2.163817664,0.05982906,0
7,F,*,*,16,Ucuquer II Eólico,CenPotMax,EtaMes,0,1.735042735,7.897435897,8.376068376,0.11965812,9.213675214,0.07977208,2.403133903,0.618233618,2.163817664,0.05982906,0
8,F,*,*,1,Talinay Oriente,CenPotMax,EtaMes,22.88,7.3,20.67,1.55,12.73,28.4,10.83,20,21.47,19.7,6.3,5.97
8,F,*,*,2,Talinay Oriente,CenPotMax,EtaMes,22.88,7.3,20.67,1.55,12.73,28.4,10.83,20,21.47,19.7,6.3,5.97
8,F,*,*,3,Talinay Oriente,CenPotMax,EtaMes,34.48,0,4.23,4.72,3.27,2.56,13.24,13.1,14.53,6.28,1.85,0.78
8,F,*,*,4,Talinay Oriente,CenPotMax,EtaMes,34.48,0,4.23,4.72,3.27,2.56,13.24,13.1,14.53,6.28,1.85,0.78
8,F,*,*,5,Talinay Oriente,CenPotMax,EtaMes,11.65,0,12.1,1.1,2.4,1.17,4.33,4.25,5.35,0,1.1,0
8,F,*,*,6,Talinay Oriente,CenPotMax,EtaMes,11.65,0,12.1,1.1,2.4,1.17,4.33,4.25,5.35,0,1.1,0
8,F,*,*,7,Talinay Oriente,CenPotMax,EtaMes,5.35,11.93,43.2,11.35,12.75,4.73,1.43,12.23,1.03,0,0.65,0
8,F,*,*,8,Talinay Oriente,CenPotMax,EtaMes,5.35,11.93,43.2,11.35,12.75,4.73,1.43,12.23,1.03,0,0.65,0
8,F,*,*,9,Talinay Oriente,CenPotMax,EtaMes,36.83,20.6,43.33,25.93,16.93,19.1,23.35,46.26,23.36,17.69,16,3.58
8,F,*,*,10,Talinay Oriente,CenPotMax,EtaMes,36.83,20.6,43.33,25.93,16.93,19.1,23.35,46.26,23.36,17.69,16,3.58
8,F,*,*,11,Talinay Oriente,CenPotMax,EtaMes,43.6,43.15,69.2,48.15,22.7,59.45,39.45,55.1,55.7,35.95,33.7,25.23
8,F,*,*,12,Talinay Oriente,CenPotMax,EtaMes,43.6,43.15,69.2,48.15,22.7,59.45,39.45,55.1,55.7,35.95,33.7,25.23
8,F,*,*,13,Talinay Oriente,CenPotMax,EtaMes,30.2,44.95,77.8,47.9,30.5,52.4,40.4,54.75,54.7,42.8,49.5,42
8,F,*,*,14,Talinay Oriente,CenPotMax,EtaMes,30.2,44.95,77.8,47.9,30.5,52.4,40.4,54.75,54.7,42.8,49.5,42
8,F,*,*,15,Talinay Oriente,CenPotMax,EtaMes,28.03,33.25,39,10.8,27.33,47.93,29.37,46.6,39.25,30.57,28.57,28.03
8,F,*,*,16,Talinay Oriente,CenPotMax,EtaMes,28.03,33.25,39,10.8,27.33,47.93,29.37,46.6,39.25,30.57,28.57,28.03
9,F,*,*,1,Eolica Punta Colorada,CenPotMax,EtaMes,0.1,0,0,0,0,0,0,0.25,0.13,0.1,0.2,0
9,F,*,*,2,Eolica Punta Colorada,CenPotMax,EtaMes,0.1,0,0,0,0,0,0,0.25,0.13,0.1,0.2,0
9,F,*,*,3,Eolica Punta Colorada,CenPotMax,EtaMes,0.68,0,0,0,0,0,0,0.1,0.2,0,0,0.18
9,F,*,*,4,Eolica Punta Colorada,CenPotMax,EtaMes,0.68,0,0,0,0,0,0,0.1,0.2,0,0,0.18
9,F,*,*,5,Eolica Punta Colorada,CenPotMax,EtaMes,1.05,0,0.1,0,0,0.07,0,0,0,0,0,0
9,F,*,*,6,Eolica Punta Colorada,CenPotMax,EtaMes,1.05,0,0.1,0,0,0.07,0,0,0,0,0,0
9,F,*,*,7,Eolica Punta Colorada,CenPotMax,EtaMes,0.3,0,0,0,0.45,0.33,0.87,0.03,1.37,0.1,0,0
9,F,*,*,8,Eolica Punta Colorada,CenPotMax,EtaMes,0.3,0,0,0,0.45,0.33,0.87,0.03,1.37,0.1,0,0
9,F,*,*,9,Eolica Punta Colorada,CenPotMax,EtaMes,3.58,4.45,0.93,0.77,3.4,6.28,7.35,10.1,10.38,6.9,7.34,3.42
9,F,*,*,10,Eolica Punta Colorada,CenPotMax,EtaMes,3.58,4.45,0.93,0.77,3.4,6.28,7.35,10.1,10.38,6.9,7.34,3.42
9,F,*,*,11,Eolica Punta Colorada,CenPotMax,EtaMes,2.25,3.1,3,2.65,3.55,8.95,8.4,12.17,9.83,9.2,12.05,7.37
9,F,*,*,12,Eolica Punta Colorada,CenPotMax,EtaMes,2.25,3.1,3,2.65,3.55,8.95,8.4,12.17,9.83,9.2,12.05,7.37
9,F,*,*,13,Eolica Punta Colorada,CenPotMax,EtaMes,3.4,0.35,3.9,1.6,2.6,2.5,6.8,8.9,6.2,7.05,5.15,9.9
9,F,*,*,14,Eolica Punta Colorada,CenPotMax,EtaMes,3.4,0.35,3.9,1.6,2.6,2.5,6.8,8.9,6.2,7.05,5.15,9.9
9,F,*,*,15,Eolica Punta Colorada,CenPotMax,EtaMes,6.83,0.3,1.53,0,1.2,0.63,2.37,4,0.95,5.37,0.53,6.83
9,F,*,*,16,Eolica Punta Colorada,CenPotMax,EtaMes,6.83,0.3,1.53,0,1.2,0.63,2.37,4,0.95,5.37,0.53,6.83
10,F,*,*,1,Negrete Cuel,CenPotMax,EtaMes,9.571355985,2.7714371,21.18169784,0,1.484698447,30.4858081,11.31340216,0.791839171,4.325421474,12.66942674,30.18886841,10.02666351
10,F,*,*,2,Negrete Cuel,CenPotMax,EtaMes,9.571355985,2.7714371,21.18169784,0,1.484698447,30.4858081,11.31340216,0.791839171,4.325421474,12.66942674,30.18886841,10.02666351
10,F,*,*,3,Negrete Cuel,CenPotMax,EtaMes,14.74800457,1.534188395,1.534188395,0.445409534,1.365922571,23.893747,19.75638733,0,2.326027566,5.721038014,24.87364797,3.959195857
10,F,*,*,4,Negrete Cuel,CenPotMax,EtaMes,14.74800457,1.534188395,1.534188395,0.445409534,1.365922571,23.893747,19.75638733,0,2.326027566,5.721038014,24.87364797,3.959195857
10,F,*,*,5,Negrete Cuel,CenPotMax,EtaMes,12.96636643,0,3.860215961,0,4.751035029,24.02242087,14.8172905,0,7.374002284,0.593879379,18.11332105,0
10,F,*,*,6,Negrete Cuel,CenPotMax,EtaMes,12.96636643,0,3.860215961,0,4.751035029,24.02242087,14.8172905,0,7.374002284,0.593879379,18.11332105,0
10,F,*,*,7,Negrete Cuel,CenPotMax,EtaMes,10.17513335,0,6.849408833,0,2.50419138,25.30915952,9.927683613,0,2.444803442,0,13.56024581,0
10,F,*,*,8,Negrete Cuel,CenPotMax,EtaMes,10.17513335,0,6.849408833,0,2.50419138,25.30915952,9.927683613,0,2.444803442,0,13.56024581,0
10,F,*,*,9,Negrete Cuel,CenPotMax,EtaMes,0.791839171,0,22.99302994,0,0.920513037,19.84546924,5.493384252,1.405514529,4.533279257,3.988889826,2.246843649,1.464902467
10,F,*,*,10,Negrete Cuel,CenPotMax,EtaMes,0.791839171,0,22.99302994,0,0.920513037,19.84546924,5.493384252,1.405514529,4.533279257,3.988889826,2.246843649,1.464902467
10,F,*,*,11,Negrete Cuel,CenPotMax,EtaMes,0,0,29.89192872,0,1.187758757,19.44954965,4.15715565,8.146045477,12.27350716,11.77860768,0.148469845,10.02666351
10,F,*,*,12,Negrete Cuel,CenPotMax,EtaMes,0,0,29.89192872,0,1.187758757,19.44954965,4.15715565,8.146045477,12.27350716,11.77860768,0.148469845,10.02666351
10,F,*,*,13,Negrete Cuel,CenPotMax,EtaMes,0,0,28.70416997,0,3.464296375,25.73477307,0.989798964,13.26330612,12.76840664,12.47146695,2.326027566,10.59084892
10,F,*,*,14,Negrete Cuel,CenPotMax,EtaMes,0,0,28.70416997,0,3.464296375,25.73477307,0.989798964,13.26330612,12.76840664,12.47146695,2.326027566,10.59084892
10,F,*,*,15,Negrete Cuel,CenPotMax,EtaMes,10.06625547,0,32.23775227,0.049489948,7.156246512,32.4951,7.690737953,1.484698447,11.43217804,6.859306823,16.92556229,10.06625547
10,F,*,*,16,Negrete Cuel,CenPotMax,EtaMes,10.06625547,0,32.23775227,0.049489948,7.156246512,32.4951,7.690737953,1.484698447,11.43217804,6.859306823,16.92556229,10.06625547
11,F,*,*,1,El Arrayán,CenPotMax,EtaMes,36.33,43.63,53.57,24.85,14.67,0.9,45.57,0,49.07,23.6,36,3.73
11,F,*,*,2,El Arrayán,CenPotMax,EtaMes,36.33,43.63,53.57,24.85,14.67,0.9,45.57,0,49.07,23.6,36,3.73
11,F,*,*,3,El Arrayán,CenPotMax,EtaMes,18.57,0,44.85,23.75,13.6,3.58,62.92,0,24.45,12.38,15.15,0
11,F,*,*,4,El Arrayán,CenPotMax,EtaMes,18.57,0,44.85,23.75,13.6,3.58,62.92,0,24.45,12.38,15.15,0
11,F,*,*,5,El Arrayán,CenPotMax,EtaMes,3.85,1.1,40.8,32.75,20.75,3.57,28.63,0,20.5,1.45,12.1,0
11,F,*,*,6,El Arrayán,CenPotMax,EtaMes,3.85,1.1,40.8,32.75,20.75,3.57,28.63,0,20.5,1.45,12.1,0
11,F,*,*,7,El Arrayán,CenPotMax,EtaMes,1.2,5.9,69.58,34.13,17.93,5.2,13.5,0,17.37,0,5.85,0
11,F,*,*,8,El Arrayán,CenPotMax,EtaMes,1.2,5.9,69.58,34.13,17.93,5.2,13.5,0,17.37,0,5.85,0
11,F,*,*,9,El Arrayán,CenPotMax,EtaMes,20.2,27.5,44.07,35.77,17.5,3.55,40.48,0,32.9,14.71,17.77,0.73
11,F,*,*,10,El Arrayán,CenPotMax,EtaMes,20.2,27.5,44.07,35.77,17.5,3.55,40.48,0,32.9,14.71,17.77,0.73
11,F,*,*,11,El Arrayán,CenPotMax,EtaMes,22.7,39.4,76.3,52.25,20.5,8.1,53.6,0,74.9,37.05,53,6.17
11,F,*,*,12,El Arrayán,CenPotMax,EtaMes,22.7,39.4,76.3,52.25,20.5,8.1,53.6,0,74.9,37.05,53,6.17
11,F,*,*,13,El Arrayán,CenPotMax,EtaMes,25.45,50.3,81.7,54.1,31.3,16.9,54.6,0,84.75,36.55,62.35,20.8
11,F,*,*,14,El Arrayán,CenPotMax,EtaMes,25.45,50.3,81.7,54.1,31.3,16.9,54.6,0,84.75,36.55,62.35,20.8
11,F,*,*,15,El Arrayán,CenPotMax,EtaMes,19.17,65.15,63.85,36,33.37,28.63,40.67,0,99.6,34.8,32.23,19.17
11,F,*,*,16,El Arrayán,CenPotMax,EtaMes,19.17,65.15,63.85,36,33.37,28.63,40.67,0,99.6,34.8,32.23,19.17
12,F,*,*,1,San Pedro Eólico,CenPotMax,EtaMes,13.67,19.17,15.47,34.4,1.43,7.4,10.13,21.45,0.57,1.2,12.6,19.23
12,F,*,*,2,San Pedro Eólico,CenPotMax,EtaMes,13.67,19.17,15.47,34.4,1.43,7.4,10.13,21.45,0.57,1.2,12.6,19.23
12,F,*,*,3,San Pedro Eólico,CenPotMax,EtaMes,6.02,0.15,32.67,34.83,3.47,18,4.32,28.5,2.1,2.45,24.05,24.4
12,F,*,*,4,San Pedro Eólico,CenPotMax,EtaMes,6.02,0.15,32.67,34.83,3.47,18,4.32,28.5,2.1,2.45,24.05,24.4
12,F,*,*,5,San Pedro Eólico,CenPotMax,EtaMes,3.1,1.2,20.85,34.25,2.35,16.6,8.8,17.65,0.4,2.2,26.55,9.7
12,F,*,*,6,San Pedro Eólico,CenPotMax,EtaMes,3.1,1.2,20.85,34.25,2.35,16.6,8.8,17.65,0.4,2.2,26.55,9.7
12,F,*,*,7,San Pedro Eólico,CenPotMax,EtaMes,0.18,7.93,13.03,33.9,0.23,9.13,7.43,12.53,0.27,1.85,20.85,3.2
12,F,*,*,8,San Pedro Eólico,CenPotMax,EtaMes,0.18,7.93,13.03,33.9,0.23,9.13,7.43,12.53,0.27,1.85,20.85,3.2
12,F,*,*,9,San Pedro Eólico,CenPotMax,EtaMes,0.17,23.45,1.63,34,0.03,0.3,13.72,16.02,2.24,0,9.11,0
12,F,*,*,10,San Pedro Eólico,CenPotMax,EtaMes,0.17,23.45,1.63,34,0.03,0.3,13.72,16.02,2.24,0,9.11,0
12,F,*,*,11,San Pedro Eólico,CenPotMax,EtaMes,2.55,29.05,0.6,34.7,0,0,14.8,11.93,1.63,0,19.7,0.07
12,F,*,*,12,San Pedro Eólico,CenPotMax,EtaMes,2.55,29.05,0.6,34.7,0,0,14.8,11.93,1.63,0,19.7,0.07
12,F,*,*,13,San Pedro Eólico,CenPotMax,EtaMes,9.25,33.05,3.2,34.8,0,0,12.3,3,1.5,0.15,23.25,0
12,F,*,*,14,San Pedro Eólico,CenPotMax,EtaMes,9.25,33.05,3.2,34.8,0,0,12.3,3,1.5,0.15,23.25,0
12,F,*,*,15,San Pedro Eólico,CenPotMax,EtaMes,0.03,32.5,2.25,34.85,0,0.87,12.1,7.3,2.5,0.67,16.9,0.03
12,F,*,*,16,San Pedro Eólico,CenPotMax,EtaMes,0.03,32.5,2.25,34.85,0,0.87,12.1,7.3,2.5,0.67,16.9,0.03
13,F,*,*,1,Los Cururos,CenPotMax,EtaMes,28,9.07,6.33,0.6,35.6,39.03,6.93,68.3,43.97,28.65,18.2,4.57
13,F,*,*,2,Los Cururos,CenPotMax,EtaMes,28,9.07,6.33,0.6,35.6,39.03,6.93,68.3,43.97,28.65,18.2,4.57
13,F,*,*,3,Los Cururos,CenPotMax,EtaMes,29.4,0,4.75,6.9,12.57,6.56,26.8,32.66,34.88,17.08,6.03,0.08
13,F,*,*,4,Los Cururos,CenPotMax,EtaMes,29.4,0,4.75,6.9,12.57,6.56,26.8,32.66,34.88,17.08,6.03,0.08
13,F,*,*,5,Los Cururos,CenPotMax,EtaMes,9.45,1.2,2.4,5.05,6.95,0.77,5.2,8.9,21.2,1.5,1.8,0
13,F,*,*,6,Los Cururos,CenPotMax,EtaMes,9.45,1.2,2.4,5.05,6.95,0.77,5.2,8.9,21.2,1.5,1.8,0
13,F,*,*,7,Los Cururos,CenPotMax,EtaMes,5.25,14.1,13.45,2.35,18.1,2,5.5,13.97,23.47,0,1.55,0
13,F,*,*,8,Los Cururos,CenPotMax,EtaMes,5.25,14.1,13.45,2.35,18.1,2,5.5,13.97,23.47,0,1.55,0
13,F,*,*,9,Los Cururos,CenPotMax,EtaMes,38.17,43.6,28.9,11.17,35,5.55,33.2,88.32,71.9,34.96,32.86,0.52
13,F,*,*,10,Los Cururos,CenPotMax,EtaMes,38.17,43.6,28.9,11.17,35,5.55,33.2,88.32,71.9,34.96,32.86,0.52
13,F,*,*,11,Los Cururos,CenPotMax,EtaMes,42.35,58.9,43.7,12.4,36.6,8.5,62.6,105.57,104.8,73.55,71.4,11.8
13,F,*,*,12,Los Cururos,CenPotMax,EtaMes,42.35,58.9,43.7,12.4,36.6,8.5,62.6,105.57,104.8,73.55,71.4,11.8
13,F,*,*,13,Los Cururos,CenPotMax,EtaMes,34.4,60.35,40,7.6,45.4,45,61,103.65,104.4,68.3,80.75,26
13,F,*,*,14,Los Cururos,CenPotMax,EtaMes,34.4,60.35,40,7.6,45.4,45,61,103.65,104.4,68.3,80.75,26
13,F,*,*,15,Los Cururos,CenPotMax,EtaMes,20.3,45.65,10.15,1.33,60.43,81.87,20,104.5,72.8,56.97,48.03,20.3
13,F,*,*,16,Los Cururos,CenPotMax,EtaMes,20.3,45.65,10.15,1.33,60.43,81.87,20,104.5,72.8,56.97,48.03,20.3
14,F,*,*,1,Punta Palmeras,CenPotMax,EtaMes,5.18,21.13,15,8.95,3.83,21.83,21.57,23.9,21.07,8.45,4.9,0.73
14,F,*,*,2,Punta Palmeras,CenPotMax,EtaMes,5.18,21.13,15,8.95,3.83,21.83,21.57,23.9,21.07,8.45,4.9,0.73
14,F,*,*,3,Punta Palmeras,CenPotMax,EtaMes,3.55,0,20.45,12.1,6.95,7.22,21.66,16.54,16.88,6.88,2.37,0
14,F,*,*,4,Punta Palmeras,CenPotMax,EtaMes,3.55,0,20.45,12.1,6.95,7.22,21.66,16.54,16.88,6.88,2.37,0
14,F,*,*,5,Punta Palmeras,CenPotMax,EtaMes,0,0,14.65,13.6,4.9,7.9,5.1,6.15,13.95,1.55,0.15,0
14,F,*,*,6,Punta Palmeras,CenPotMax,EtaMes,0,0,14.65,13.6,4.9,7.9,5.1,6.15,13.95,1.55,0.15,0
14,F,*,*,7,Punta Palmeras,CenPotMax,EtaMes,0.2,3.8,13.4,9.42,1.02,1.57,0.9,3.53,9.73,0,0.6,0
14,F,*,*,8,Punta Palmeras,CenPotMax,EtaMes,0.2,3.8,13.4,9.42,1.02,1.57,0.9,3.53,9.73,0,0.6,0
14,F,*,*,9,Punta Palmeras,CenPotMax,EtaMes,4.7,14.35,19.63,13.57,0.73,16.15,4,19.68,20.22,7.24,10.03,0.28
14,F,*,*,10,Punta Palmeras,CenPotMax,EtaMes,4.7,14.35,19.63,13.57,0.73,16.15,4,19.68,20.22,7.24,10.03,0.28
14,F,*,*,11,Punta Palmeras,CenPotMax,EtaMes,4.1,28.7,21.2,11.85,13,33.35,12.05,25.7,36.97,16.55,27.5,0.17
14,F,*,*,12,Punta Palmeras,CenPotMax,EtaMes,4.1,28.7,21.2,11.85,13,33.35,12.05,25.7,36.97,16.55,27.5,0.17
14,F,*,*,13,Punta Palmeras,CenPotMax,EtaMes,3.75,25.75,17.4,10,14.2,38.7,14.9,23.35,33.7,14.6,21.55,0.5
14,F,*,*,14,Punta Palmeras,CenPotMax,EtaMes,3.75,25.75,17.4,10,14.2,38.7,14.9,23.35,33.7,14.6,21.55,0.5
14,F,*,*,15,Punta Palmeras,CenPotMax,EtaMes,2.33,29.8,20.65,13.15,11.63,42.37,11.13,22.4,35.8,11.2,15.4,2.33
14,F,*,*,16,Punta Palmeras,CenPotMax,EtaMes,2.33,29.8,20.65,13.15,11.63,42.37,11.13,22.4,35.8,11.2,15.4,2.33
15,F,*,*,1,Tal Tal Eólico,CenPotMax,EtaMes,28.66875,35.717425,40.17885833,41.30933889,33.42,21.45194444,17.49993827,33.2535,21.23787879,43.18333333,24.48125,33.34090909
15,F,*,*,2,Tal Tal Eólico,CenPotMax,EtaMes,29.93295455,44.7592627,38.2921525,44.24638068,35.2281746,17.28814815,21.26393939,23.46991667,28.03416667,29.75113636,33.0475,35.725
15,F,*,*,3,Tal Tal Eólico,CenPotMax,EtaMes,36.9390625,52.72279583,48.15840167,51.96485926,38.56566667,32.10925,23.15340741,46.6514,34.5875,44.93611111,27.646875,33.59818182
15,F,*,*,4,Tal Tal Eólico,CenPotMax,EtaMes,38.73295455,58.23173452,47.97143375,55.50353674,35.61539683,20.12377778,34.17093939,36.5512,41.438125,29.90284091,34.029375,34.705
15,F,*,*,5,Tal Tal Eólico,CenPotMax,EtaMes,35.05,59.00144,50.0518475,44.66005556,42.937,33.02875,28.74882716,43.37983333,34.56363636,49.94444444,21.25625,24.24090909
15,F,*,*,6,Tal Tal Eólico,CenPotMax,EtaMes,40.73522727,55.68824643,49.15415125,60.93704545,37.60190476,25.89703704,37.89603535,35.55191667,47.74125,26.43636364,31.89125,32.5325
15,F,*,*,7,Tal Tal Eólico,CenPotMax,EtaMes,36.9671875,49.81758167,36.05665375,39.03063472,38.478875,31.74152778,16.66888889,39.23622222,34.51212121,39.30833333,14.4875,20.03409091
15,F,*,*,8,Tal Tal Eólico,CenPotMax,EtaMes,36.48238636,55.63925556,35.73544625,51.70510114,33.31279762,23.12824074,27.21876263,30.0605,39.55833333,18.82840909,24.84375,32.6375
15,F,*,*,9,Tal Tal Eólico,CenPotMax,EtaMes,29.1375,42.96303625,28.405045,32.35922407,33.50166667,24.41322917,16.27060185,26.82513333,26.45727273,23.62460317,19.45625,20.04469697
15,F,*,*,10,Tal Tal Eólico,CenPotMax,EtaMes,30.65170455,47.01115417,29.0716025,38.59896364,30.33611111,19.48590278,19.05248106,20.79483333,29.6465,19.58246753,25.41214286,23.90333333
15,F,*,*,11,Tal Tal Eólico,CenPotMax,EtaMes,27.546875,34.78694,19.065705,21.07866389,33.29425,31.77375,17.80564815,19.70577778,26.76515152,24.35277778,37.109375,31.93181818
15,F,*,*,12,Tal Tal Eólico,CenPotMax,EtaMes,28.20113636,32.33137262,30.267325,24.76892727,33.64345238,26.5325,15.90734848,20.28233333,28.92166667,31.25113636,33.38875,29.17666667
15,F,*,*,13,Tal Tal Eólico,CenPotMax,EtaMes,12.71875,21.55273,15.7147,15.16109444,29.7725,22.420625,18.0737037,12.673,8.184090909,14.55555556,15.059375,17.03636364
15,F,*,*,14,Tal Tal Eólico,CenPotMax,EtaMes,13.87159091,20.65812976,30.3999625,13.59176818,29.64285714,17.28305556,10.41625,7.242833333,9.9775,16.51022727,18.6525,14.3975
15,F,*,*,15,Tal Tal Eólico,CenPotMax,EtaMes,8.171875,21.44551,12.7619575,19.74875,23.45083333,9.28875,8.643055556,16.6805,2.656818182,16.56481481,9.80625,12.01212121
15,F,*,*,16,Tal Tal Eólico,CenPotMax,EtaMes,12.15909091,28.5352631,19.67799313,24.4751767,24.14039683,7.847083333,5.860606061,7.158083333,6.0475,11.20909091,17.1825,11.34416667
16,F,*,*,1,Talinay Poniente,CenPotMax,EtaMes,27.55,22.2,29.43,10.45,19.1,24.13,32.3,49.1,35.23,25.85,24.55,6.77
16,F,*,*,2,Talinay Poniente,CenPotMax,EtaMes,27.55,22.2,29.43,10.45,19.1,24.13,32.3,49.1,35.23,25.85,24.55,6.77
16,F,*,*,3,Talinay Poniente,CenPotMax,EtaMes,24.2,0,34.3,26.88,11.02,5.96,38.3,41.5,32.43,18.1,10.53,0.9
16,F,*,*,4,Talinay Poniente,CenPotMax,EtaMes,24.2,0,34.3,26.88,11.02,5.96,38.3,41.5,32.43,18.1,10.53,0.9
16,F,*,*,5,Talinay Poniente,CenPotMax,EtaMes,11.3,0.25,37.1,21.85,19.25,3.37,25.13,30.25,33.9,3.1,4.4,0
16,F,*,*,6,Talinay Poniente,CenPotMax,EtaMes,11.3,0.25,37.1,21.85,19.25,3.37,25.13,30.25,33.9,3.1,4.4,0
16,F,*,*,7,Talinay Poniente,CenPotMax,EtaMes,5.3,10.07,36.55,30.35,14.77,11.93,4.37,20.87,18.03,0,2.35,0.05
16,F,*,*,8,Talinay Poniente,CenPotMax,EtaMes,5.3,10.07,36.55,30.35,14.77,11.93,4.37,20.87,18.03,0,2.35,0.05
16,F,*,*,9,Talinay Poniente,CenPotMax,EtaMes,23.18,16.33,28.9,27,12.83,29.2,14.7,43.06,29.12,16.11,12.63,1.1
16,F,*,*,10,Talinay Poniente,CenPotMax,EtaMes,23.18,16.33,28.9,27,12.83,29.2,14.7,43.06,29.12,16.11,12.63,1.1
16,F,*,*,11,Talinay Poniente,CenPotMax,EtaMes,27.15,28.35,39.5,28,14.55,39,27.15,55.77,50.63,33.45,33.55,9.3
16,F,*,*,12,Talinay Poniente,CenPotMax,EtaMes,27.15,28.35,39.5,28,14.55,39,27.15,55.77,50.63,33.45,33.55,9.3
16,F,*,*,13,Talinay Poniente,CenPotMax,EtaMes,21.65,38.5,41.9,29.8,23.7,49.3,27.9,57.5,51.6,34.6,39.3,20.3
16,F,*,*,14,Talinay Poniente,CenPotMax,EtaMes,21.65,38.5,41.9,29.8,23.7,49.3,27.9,57.5,51.6,34.6,39.3,20.3
16,F,*,*,15,Talinay Poniente,CenPotMax,EtaMes,16.1,39,34,31.83,30.6,49.6,26.3,57.45,51.35,34.27,31.97,16.1
16,F,*,*,16,Talinay Poniente,CenPotMax,EtaMes,16.1,39,34,31.83,30.6,49.6,26.3,57.45,51.35,34.27,31.97,16.1
17,F,*,*,1,Renaico,CenPotMax,EtaMes,14.81,18.03,65.51,67.73,37.45,14.39,31.38,41.3,18.58,27.26,68.22,43.37
17,F,*,*,2,Renaico,CenPotMax,EtaMes,14.81,18.03,65.51,67.73,37.45,14.39,31.38,41.3,18.58,27.26,68.22,43.37
17,F,*,*,3,Renaico,CenPotMax,EtaMes,3.93,75.32,54.52,76.49,6.12,25.92,33.63,46.2,22.5,2.46,61.8,56
17,F,*,*,4,Renaico,CenPotMax,EtaMes,3.93,75.32,54.52,76.49,6.12,25.92,33.63,46.2,22.5,2.46,61.8,56
17,F,*,*,5,Renaico,CenPotMax,EtaMes,1.94,78.06,71.12,73.67,9.73,1.14,48.2,40.25,24.65,2.06,48.94,52.7
17,F,*,*,6,Renaico,CenPotMax,EtaMes,1.94,78.06,71.12,73.67,9.73,1.14,48.2,40.25,24.65,2.06,48.94,52.7
17,F,*,*,7,Renaico,CenPotMax,EtaMes,1,78.15,71.85,75.81,20.17,1.1,47.96,5.12,17.59,3.15,30.58,57.53
17,F,*,*,8,Renaico,CenPotMax,EtaMes,1,78.15,71.85,75.81,20.17,1.1,47.96,5.12,17.59,3.15,30.58,57.53
17,F,*,*,9,Renaico,CenPotMax,EtaMes,1.88,63.46,64.4,70.1,40.99,1.26,48.41,19.21,2.73,2.15,4.91,53.73
17,F,*,*,10,Renaico,CenPotMax,EtaMes,1.88,63.46,64.4,70.1,40.99,1.26,48.41,19.21,2.73,2.15,4.91,53.73
17,F,*,*,11,Renaico,CenPotMax,EtaMes,0.88,46.31,66.5,76.2,45,7.05,51.55,28,1.16,2.43,1.67,36.51
17,F,*,*,12,Renaico,CenPotMax,EtaMes,0.88,46.31,66.5,76.2,45,7.05,51.55,28,1.16,2.43,1.67,36.51
17,F,*,*,13,Renaico,CenPotMax,EtaMes,3.71,37.32,67.57,67.84,42.07,9.04,52.09,43.82,2.91,8.81,5.11,27.4
17,F,*,*,14,Renaico,CenPotMax,EtaMes,3.71,37.32,67.57,67.84,42.07,9.04,52.09,43.82,2.91,8.81,5.11,27.4
17,F,*,*,15,Renaico,CenPotMax,EtaMes,23.96,28.29,70.82,61.11,39.02,3.71,49.86,57.81,3.6,40.42,14.87,23.96
17,F,*,*,16,Renaico,CenPotMax,EtaMes,23.96,28.29,70.82,61.11,39.02,3.71,49.86,57.81,3.6,40.42,14.87,23.96
18,F,*,*,1,Los Buenos Aires,CenPotMax,EtaMes,1.56,7.05,14.97,20.72,7.57,7.37,8.99,7.72,2.12,13.51,18.45,11.92
18,F,*,*,2,Los Buenos Aires,CenPotMax,EtaMes,1.56,7.05,14.97,20.72,7.57,7.37,8.99,7.72,2.12,13.51,18.45,11.92
18,F,*,*,3,Los Buenos Aires,CenPotMax,EtaMes,1.49,20.4,13.84,20.81,3.18,7.23,9.78,13.96,2.39,1,16,14
18,F,*,*,4,Los Buenos Aires,CenPotMax,EtaMes,1.49,20.4,13.84,20.81,3.18,7.23,9.78,13.96,2.39,1,16,14
18,F,*,*,5,Los Buenos Aires,CenPotMax,EtaMes,0.19,20.03,19.43,21.28,4.16,1.63,16.13,16.07,5.88,1.01,9.75,12.92
18,F,*,*,6,Los Buenos Aires,CenPotMax,EtaMes,0.19,20.03,19.43,21.28,4.16,1.63,16.13,16.07,5.88,1.01,9.75,12.92
18,F,*,*,7,Los Buenos Aires,CenPotMax,EtaMes,0.16,16.61,20.63,17.64,4.13,0.39,16.02,14.23,3.26,0.86,5.07,11.37
18,F,*,*,8,Los Buenos Aires,CenPotMax,EtaMes,0.16,16.61,20.63,17.64,4.13,0.39,16.02,14.23,3.26,0.86,5.07,11.37
18,F,*,*,9,Los Buenos Aires,CenPotMax,EtaMes,0.42,12.41,17.05,19.21,7.58,0.42,15.13,7.31,0.99,0.66,0.85,9.24
18,F,*,*,10,Los Buenos Aires,CenPotMax,EtaMes,0.42,12.41,17.05,19.21,7.58,0.42,15.13,7.31,0.99,0.66,0.85,9.24
18,F,*,*,11,Los Buenos Aires,CenPotMax,EtaMes,0.48,5.11,16.38,20.95,9.77,2.55,12.69,4.3,0.83,0.3,0.49,7.09
18,F,*,*,12,Los Buenos Aires,CenPotMax,EtaMes,0.48,5.11,16.38,20.95,9.77,2.55,12.69,4.3,0.83,0.3,0.49,7.09
18,F,*,*,13,Los Buenos Aires,CenPotMax,EtaMes,0.28,7.72,17.5,20.86,6.92,5.53,13.47,5.46,1.9,0.71,1.68,4.83
18,F,*,*,14,Los Buenos Aires,CenPotMax,EtaMes,0.28,7.72,17.5,20.86,6.92,5.53,13.47,5.46,1.9,0.71,1.68,4.83
18,F,*,*,15,Los Buenos Aires,CenPotMax,EtaMes,5.36,3.42,18.05,19.43,8.37,7.51,12.87,12.35,2.55,5.37,3.62,5.36
18,F,*,*,16,Los Buenos Aires,CenPotMax,EtaMes,5.36,3.42,18.05,19.43,8.37,7.51,12.87,12.35,2.55,5.37,3.62,5.36
19,F,*,*,1,Eólica La Esperanza,CenPotMax,EtaMes,1.09,3.56,7.55,8.42,4.91,4.74,4.16,3.42,1.05,5.53,8.48,5.81
19,F,*,*,2,Eólica La Esperanza,CenPotMax,EtaMes,1.09,3.56,7.55,8.42,4.91,4.74,4.16,3.42,1.05,5.53,8.48,5.81
19,F,*,*,3,Eólica La Esperanza,CenPotMax,EtaMes,0.57,9.65,6.72,9.1,1.4,3.96,4.55,6.15,2.02,0.15,8.13,7.8
19,F,*,*,4,Eólica La Esperanza,CenPotMax,EtaMes,0.57,9.65,6.72,9.1,1.4,3.96,4.55,6.15,2.02,0.15,8.13,7.8
19,F,*,*,5,Eólica La Esperanza,CenPotMax,EtaMes,0.26,9.86,9.18,9.47,1.54,0.33,6.51,7.44,3.63,0.33,5.44,7.06
19,F,*,*,6,Eólica La Esperanza,CenPotMax,EtaMes,0.26,9.86,9.18,9.47,1.54,0.33,6.51,7.44,3.63,0.33,5.44,7.06
19,F,*,*,7,Eólica La Esperanza,CenPotMax,EtaMes,0.09,9.29,9.71,8.57,2.51,0.11,7.07,4.43,3.09,0.39,2.79,7.04
19,F,*,*,8,Eólica La Esperanza,CenPotMax,EtaMes,0.09,9.29,9.71,8.57,2.51,0.11,7.07,4.43,3.09,0.39,2.79,7.04
19,F,*,*,9,Eólica La Esperanza,CenPotMax,EtaMes,0.24,6.99,9.48,7.85,4.87,0.15,6.75,2.67,0.5,0.27,0.37,6.35
19,F,*,*,10,Eólica La Esperanza,CenPotMax,EtaMes,0.24,6.99,9.48,7.85,4.87,0.15,6.75,2.67,0.5,0.27,0.37,6.35
19,F,*,*,11,Eólica La Esperanza,CenPotMax,EtaMes,0.14,4.68,9.42,9.12,5.81,0.79,6.23,2.95,0.53,0.15,0.22,4.56
19,F,*,*,12,Eólica La Esperanza,CenPotMax,EtaMes,0.14,4.68,9.42,9.12,5.81,0.79,6.23,2.95,0.53,0.15,0.22,4.56
19,F,*,*,13,Eólica La Esperanza,CenPotMax,EtaMes,0.09,3.42,8.86,8.94,4.93,0.14,6.32,2.94,0.79,0.27,0.77,4.05
19,F,*,*,14,Eólica La Esperanza,CenPotMax,EtaMes,0.09,3.42,8.86,8.94,4.93,0.14,6.32,2.94,0.79,0.27,0.77,4.05
19,F,*,*,15,Eólica La Esperanza,CenPotMax,EtaMes,2.7,2.65,9.4,8.02,5.18,2.94,6.11,5.65,1.02,3.59,2.19,2.7
19,F,*,*,16,Eólica La Esperanza,CenPotMax,EtaMes,2.7,2.65,9.4,8.02,5.18,2.94,6.11,5.65,1.02,3.59,2.19,2.7
20,F,*,*,1,Eólica Las Peñas,CenPotMax,EtaMes,0.61,2.23,4.42,4.56,4.08,0.66,2.23,2.61,1.39,2.51,6.77,4.77
20,F,*,*,2,Eólica Las Peñas,CenPotMax,EtaMes,0.61,2.23,4.42,4.56,4.08,0.66,2.23,2.61,1.39,2.51,6.77,4.77
20,F,*,*,3,Eólica Las Peñas,CenPotMax,EtaMes,0.3,4.89,4.57,6.24,0.67,0.75,1.75,1.93,1.54,0.61,5.6,3.69
20,F,*,*,4,Eólica Las Peñas,CenPotMax,EtaMes,0.3,4.89,4.57,6.24,0.67,0.75,1.75,1.93,1.54,0.61,5.6,3.69
20,F,*,*,5,Eólica Las Peñas,CenPotMax,EtaMes,0.08,5.41,5.48,2.9,0.1,0.08,1.8,4.96,0.7,0.33,5.34,4.96
20,F,*,*,6,Eólica Las Peñas,CenPotMax,EtaMes,0.08,5.41,5.48,2.9,0.1,0.08,1.8,4.96,0.7,0.33,5.34,4.96
20,F,*,*,7,Eólica Las Peñas,CenPotMax,EtaMes,0.13,4.47,5.79,5.8,1,0.04,2.62,1.66,0.19,0.13,4.44,6.02
20,F,*,*,8,Eólica Las Peñas,CenPotMax,EtaMes,0.13,4.47,5.79,5.8,1,0.04,2.62,1.66,0.19,0.13,4.44,6.02
20,F,*,*,9,Eólica Las Peñas,CenPotMax,EtaMes,0.08,1.14,2.14,7.03,3.7,0.04,2.49,3.96,0.09,0.12,1.15,4.05
20,F,*,*,10,Eólica Las Peñas,CenPotMax,EtaMes,0.08,1.14,2.14,7.03,3.7,0.04,2.49,3.96,0.09,0.12,1.15,4.05
20,F,*,*,11,Eólica Las Peñas,CenPotMax,EtaMes,0.88,0.06,4.93,6.42,2.65,0.27,3.95,4.06,0.31,0.98,0.05,1.91
20,F,*,*,12,Eólica Las Peñas,CenPotMax,EtaMes,0.88,0.06,4.93,6.42,2.65,0.27,3.95,4.06,0.31,0.98,0.05,1.91
20,F,*,*,13,Eólica Las Peñas,CenPotMax,EtaMes,0.62,0.02,3.89,1.06,2.81,0.38,3.78,4.57,0.13,2.31,0.04,1.5
20,F,*,*,14,Eólica Las Peñas,CenPotMax,EtaMes,0.62,0.02,3.89,1.06,2.81,0.38,3.78,4.57,0.13,2.31,0.04,1.5
20,F,*,*,15,Eólica Las Peñas,CenPotMax,EtaMes,1.55,0.23,4.47,2.21,3.75,0.32,1.88,6.42,0.64,3.05,0.04,1.55
20,F,*,*,16,Eólica Las Peñas,CenPotMax,EtaMes,1.55,0.23,4.47,2.21,3.75,0.32,1.88,6.42,0.64,3.05,0.04,1.55
21,F,*,*,1,Huajache,CenPotMax,EtaMes,0.49,1.7,2.57,3.97,0.53,0.02,1.35,2.58,0.18,1.67,4.57,1.58
21,F,*,*,2,Huajache,CenPotMax,EtaMes,0.49,1.7,2.57,3.97,0.53,0.02,1.35,2.58,0.18,1.67,4.57,1.58
21,F,*,*,3,Huajache,CenPotMax,EtaMes,0.13,2.28,1.7,3.88,0.07,0.07,1.21,3.7,0.07,0.62,2.91,1.49
21,F,*,*,4,Huajache,CenPotMax,EtaMes,0.13,2.28,1.7,3.88,0.07,0.07,1.21,3.7,0.07,0.62,2.91,1.49
21,F,*,*,5,Huajache,CenPotMax,EtaMes,0.08,3.51,3.52,4.07,0.04,0.44,1.68,4.38,0.07,0.4,2.68,1.6
21,F,*,*,6,Huajache,CenPotMax,EtaMes,0.08,3.51,3.52,4.07,0.04,0.44,1.68,4.38,0.07,0.4,2.68,1.6
21,F,*,*,7,Huajache,CenPotMax,EtaMes,0.01,3.29,4.32,5.19,0.03,0.66,2.15,4,0,0.12,1.56,1.52
21,F,*,*,8,Huajache,CenPotMax,EtaMes,0.01,3.29,4.32,5.19,0.03,0.66,2.15,4,0,0.12,1.56,1.52
21,F,*,*,9,Huajache,CenPotMax,EtaMes,0.03,2.71,2.87,5.11,0.23,1.69,2.43,2.99,0.15,0.12,0.38,0.9
21,F,*,*,10,Huajache,CenPotMax,EtaMes,0.03,2.71,2.87,5.11,0.23,1.69,2.43,2.99,0.15,0.12,0.38,0.9
21,F,*,*,11,Huajache,CenPotMax,EtaMes,0.14,2.32,2.28,4.9,0.24,2.15,2.02,2.63,0.18,0.3,0.14,0.98
21,F,*,*,12,Huajache,CenPotMax,EtaMes,0.14,2.32,2.28,4.9,0.24,2.15,2.02,2.63,0.18,0.3,0.14,0.98
21,F,*,*,13,Huajache,CenPotMax,EtaMes,0.23,2.36,1.54,3.52,0.37,1.74,2.17,3.89,0.24,0.28,0.11,0.93
21,F,*,*,14,Huajache,CenPotMax,EtaMes,0.23,2.36,1.54,3.52,0.37,1.74,2.17,3.89,0.24,0.28,0.11,0.93
21,F,*,*,15,Huajache,CenPotMax,EtaMes,0.68,1.64,2.3,3.43,0.41,0.45,1.61,3.34,0.26,0.15,0.04,0.68
21,F,*,*,16,Huajache,CenPotMax,EtaMes,0.68,1.64,2.3,3.43,0.41,0.45,1.61,3.34,0.26,0.15,0.04,0.68
22,F,*,*,1,Eólica Lebu II,CenPotMax,EtaMes,0.28,1.03,1.71,2.85,0.38,0.01,0.65,1.59,0.11,1.09,2.91,1.18
22,F,*,*,2,Eólica Lebu II,CenPotMax,EtaMes,0.28,1.03,1.71,2.85,0.38,0.01,0.65,1.59,0.11,1.09,2.91,1.18
22,F,*,*,3,Eólica Lebu II,CenPotMax,EtaMes,0.09,1.95,1.28,2.53,0.03,0.05,1.1,2.36,0.05,0.33,2.3,1.11
22,F,*,*,4,Eólica Lebu II,CenPotMax,EtaMes,0.09,1.95,1.28,2.53,0.03,0.05,1.1,2.36,0.05,0.33,2.3,1.11
22,F,*,*,5,Eólica Lebu II,CenPotMax,EtaMes,0.08,2.79,1.97,2.19,0.01,0.35,1.12,2.42,0.03,0.23,1.9,1.13
22,F,*,*,6,Eólica Lebu II,CenPotMax,EtaMes,0.08,2.79,1.97,2.19,0.01,0.35,1.12,2.42,0.03,0.23,1.9,1.13
22,F,*,*,7,Eólica Lebu II,CenPotMax,EtaMes,0.01,3.16,2.68,2.78,0.03,0.26,1.46,2.65,0,0.09,1.39,1.17
22,F,*,*,8,Eólica Lebu II,CenPotMax,EtaMes,0.01,3.16,2.68,2.78,0.03,0.26,1.46,2.65,0,0.09,1.39,1.17
22,F,*,*,9,Eólica Lebu II,CenPotMax,EtaMes,0.02,2.38,2.33,2.64,0.21,1.03,1.46,1.87,0.17,0.08,0.21,0.89
22,F,*,*,10,Eólica Lebu II,CenPotMax,EtaMes,0.02,2.38,2.33,2.64,0.21,1.03,1.46,1.87,0.17,0.08,0.21,0.89
22,F,*,*,11,Eólica Lebu II,CenPotMax,EtaMes,0.05,1.86,1.3,1.85,0.24,1.55,1.57,1.38,0.15,0.14,0.07,0.95
22,F,*,*,12,Eólica Lebu II,CenPotMax,EtaMes,0.05,1.86,1.3,1.85,0.24,1.55,1.57,1.38,0.15,0.14,0.07,0.95
22,F,*,*,13,Eólica Lebu II,CenPotMax,EtaMes,0.13,1.77,1.87,1.79,0.26,1.86,1.41,1.55,0.15,0.11,0.04,0.87
22,F,*,*,14,Eólica Lebu II,CenPotMax,EtaMes,0.13,1.77,1.87,1.79,0.26,1.86,1.41,1.55,0.15,0.11,0.04,0.87
22,F,*,*,15,Eólica Lebu II,CenPotMax,EtaMes,0.57,1.1,2.44,1.39,0.28,0.48,0.85,1.94,0.46,0.09,0.03,0.57
22,F,*,*,16,Eólica Lebu II,CenPotMax,EtaMes,0.57,1.1,2.44,1.39,0.28,0.48,0.85,1.94,0.46,0.09,0.03,0.57
23,F,*,*,1,Cabo Leones I,CenPotMax,EtaMes,85.39,54.24,3.47,17.8,8.82,75.49,38.33,97.19,1.68,1.79,94.25,16.72
23,F,*,*,2,Cabo Leones I,CenPotMax,EtaMes,85.39,54.24,3.47,17.8,8.82,75.49,38.33,97.19,1.68,1.79,94.25,16.72
23,F,*,*,3,Cabo Leones I,CenPotMax,EtaMes,54.03,27.3,28.87,36.88,19.38,56.18,4.13,89.19,1.7,3.27,67.04,2.06
23,F,*,*,4,Cabo Leones I,CenPotMax,EtaMes,54.03,27.3,28.87,36.88,19.38,56.18,4.13,89.19,1.7,3.27,67.04,2.06
23,F,*,*,5,Cabo Leones I,CenPotMax,EtaMes,63.5,21.83,27.04,104.09,9.01,40.24,0.76,85.81,8.5,12.74,8.02,2.19
23,F,*,*,6,Cabo Leones I,CenPotMax,EtaMes,63.5,21.83,27.04,104.09,9.01,40.24,0.76,85.81,8.5,12.74,8.02,2.19
23,F,*,*,7,Cabo Leones I,CenPotMax,EtaMes,34.76,9.09,9.93,87.38,6.33,31.38,0.95,53.87,17.73,30.79,5.3,8.38
23,F,*,*,8,Cabo Leones I,CenPotMax,EtaMes,34.76,9.09,9.93,87.38,6.33,31.38,0.95,53.87,17.73,30.79,5.3,8.38
23,F,*,*,9,Cabo Leones I,CenPotMax,EtaMes,55.73,18.4,4.93,37.77,21.14,30.84,6.94,61.32,29.26,15.75,26.05,7.86
23,F,*,*,10,Cabo Leones I,CenPotMax,EtaMes,55.73,18.4,4.93,37.77,21.14,30.84,6.94,61.32,29.26,15.75,26.05,7.86
23,F,*,*,11,Cabo Leones I,CenPotMax,EtaMes,48.61,22.52,1.39,14.97,32.34,30.04,14.39,106.7,6.61,4.51,99.12,53.37
23,F,*,*,12,Cabo Leones I,CenPotMax,EtaMes,48.61,22.52,1.39,14.97,32.34,30.04,14.39,106.7,6.61,4.51,99.12,53.37
23,F,*,*,13,Cabo Leones I,CenPotMax,EtaMes,87.7,29.88,3.06,12.84,24.13,41.98,18.15,108.57,2.53,3.54,107.24,87.02
23,F,*,*,14,Cabo Leones I,CenPotMax,EtaMes,87.7,29.88,3.06,12.84,24.13,41.98,18.15,108.57,2.53,3.54,107.24,87.02
23,F,*,*,15,Cabo Leones I,CenPotMax,EtaMes,82.06,40.17,8.89,7.55,13.03,75.62,40.1,108.56,1.62,1.44,94.98,82.06
23,F,*,*,16,Cabo Leones I,CenPotMax,EtaMes,82.06,40.17,8.89,7.55,13.03,75.62,40.1,108.56,1.62,1.44,94.98,82.06
24,F,*,*,1,San Juan I,CenPotMax,EtaMes,22.82,3.09,9.72,5.93,28.11,27.8,21.04,13.43,25.36,28.41,22.08,18.24
24,F,*,*,2,San Juan I,CenPotMax,EtaMes,22.82,3.09,9.72,5.93,28.11,27.8,21.04,13.43,25.36,28.41,22.08,18.24
24,F,*,*,3,San Juan I,CenPotMax,EtaMes,16.8,3.89,8.29,0.78,26.72,26.82,16.92,0.5,19.97,28.57,18.64,10.51
24,F,*,*,4,San Juan I,CenPotMax,EtaMes,16.8,3.89,8.29,0.78,26.72,26.82,16.92,0.5,19.97,28.57,18.64,10.51
24,F,*,*,5,San Juan I,CenPotMax,EtaMes,2.01,5.25,1.54,2.18,27.59,25.71,11.29,0.69,7.66,23.86,7.54,1.19
24,F,*,*,6,San Juan I,CenPotMax,EtaMes,2.01,5.25,1.54,2.18,27.59,25.71,11.29,0.69,7.66,23.86,7.54,1.19
24,F,*,*,7,San Juan I,CenPotMax,EtaMes,0.85,2.43,0.37,1.11,24.64,24.91,14.05,4.82,1.33,20.26,1.34,0.57
24,F,*,*,8,San Juan I,CenPotMax,EtaMes,0.85,2.43,0.37,1.11,24.64,24.91,14.05,4.82,1.33,20.26,1.34,0.57
24,F,*,*,9,San Juan I,CenPotMax,EtaMes,0.79,2.53,0.52,1.59,11.1,10.17,8.51,7.51,1.09,16.41,13.43,0.5
24,F,*,*,10,San Juan I,CenPotMax,EtaMes,0.79,2.53,0.52,1.59,11.1,10.17,8.51,7.51,1.09,16.41,13.43,0.5
24,F,*,*,11,San Juan I,CenPotMax,EtaMes,2.05,8.23,0.5,4.21,14.54,6.73,7.78,4.43,9.74,25.37,4.55,8.35
24,F,*,*,12,San Juan I,CenPotMax,EtaMes,2.05,8.23,0.5,4.21,14.54,6.73,7.78,4.43,9.74,25.37,4.55,8.35
24,F,*,*,13,San Juan I,CenPotMax,EtaMes,9.8,6.96,0.62,7.5,18.95,13.77,12.72,5.71,18.35,29.45,4.44,15.59
24,F,*,*,14,San Juan I,CenPotMax,EtaMes,9.8,6.96,0.62,7.5,18.95,13.77,12.72,5.71,18.35,29.45,4.44,15.59
24,F,*,*,15,San Juan I,CenPotMax,EtaMes,18.59,5.98,3.35,8.77,24.56,21.51,16.99,17.79,25.3,28.81,12.75,18.59
24,F,*,*,16,San Juan I,CenPotMax,EtaMes,18.59,5.98,3.35,8.77,24.56,21.51,16.99,17.79,25.3,28.81,12.75,18.59
25,F,*,*,1,San Juan II,CenPotMax,EtaMes,20.53,2.78,8.75,5.34,25.3,25.02,18.93,12.08,22.83,25.57,19.87,16.42
25,F,*,*,2,San Juan II,CenPotMax,EtaMes,20.53,2.78,8.75,5.34,25.3,25.02,18.93,12.08,22.83,25.57,19.87,16.42
25,F,*,*,3,San Juan II,CenPotMax,EtaMes,15.12,3.5,7.46,0.7,24.05,24.14,15.23,0.45,17.97,25.72,16.78,9.46
25,F,*,*,4,San Juan II,CenPotMax,EtaMes,15.12,3.5,7.46,0.7,24.05,24.14,15.23,0.45,17.97,25.72,16.78,9.46
25,F,*,*,5,San Juan II,CenPotMax,EtaMes,1.81,4.73,1.38,1.97,24.83,23.14,10.16,0.62,6.89,21.47,6.79,1.07
25,F,*,*,6,San Juan II,CenPotMax,EtaMes,1.81,4.73,1.38,1.97,24.83,23.14,10.16,0.62,6.89,21.47,6.79,1.07
25,F,*,*,7,San Juan II,CenPotMax,EtaMes,0.76,2.18,0.33,1,22.18,22.42,12.65,4.34,1.2,18.24,1.21,0.51
25,F,*,*,8,San Juan II,CenPotMax,EtaMes,0.76,2.18,0.33,1,22.18,22.42,12.65,4.34,1.2,18.24,1.21,0.51
25,F,*,*,9,San Juan II,CenPotMax,EtaMes,0.71,2.28,0.47,1.44,9.99,9.16,7.66,6.76,0.98,14.77,12.09,0.45
25,F,*,*,10,San Juan II,CenPotMax,EtaMes,0.71,2.28,0.47,1.44,9.99,9.16,7.66,6.76,0.98,14.77,12.09,0.45
25,F,*,*,11,San Juan II,CenPotMax,EtaMes,1.85,7.4,0.45,3.78,13.09,6.06,7,3.99,8.77,22.83,4.09,7.51
25,F,*,*,12,San Juan II,CenPotMax,EtaMes,1.85,7.4,0.45,3.78,13.09,6.06,7,3.99,8.77,22.83,4.09,7.51
25,F,*,*,13,San Juan II,CenPotMax,EtaMes,8.82,6.26,0.56,6.75,17.06,12.39,11.45,5.14,16.52,26.5,4,14.03
25,F,*,*,14,San Juan II,CenPotMax,EtaMes,8.82,6.26,0.56,6.75,17.06,12.39,11.45,5.14,16.52,26.5,4,14.03
25,F,*,*,15,San Juan II,CenPotMax,EtaMes,16.73,5.38,3.02,7.89,22.11,19.36,15.29,16.01,22.77,25.93,11.47,16.73
25,F,*,*,16,San Juan II,CenPotMax,EtaMes,16.73,5.38,3.02,7.89,22.11,19.36,15.29,16.01,22.77,25.93,11.47,16.73
26,F,*,*,1,San Juan III,CenPotMax,EtaMes,20.53,2.78,8.75,5.34,25.3,25.02,18.93,12.08,22.83,25.57,19.87,16.42
26,F,*,*,2,San Juan III,CenPotMax,EtaMes,20.53,2.78,8.75,5.34,25.3,25.02,18.93,12.08,22.83,25.57,19.87,16.42
26,F,*,*,3,San Juan III,CenPotMax,EtaMes,15.12,3.5,7.46,0.7,24.05,24.14,15.23,0.45,17.97,25.72,16.78,9.46
26,F,*,*,4,San Juan III,CenPotMax,EtaMes,15.12,3.5,7.46,0.7,24.05,24.14,15.23,0.45,17.97,25.72,16.78,9.46
26,F,*,*,5,San Juan III,CenPotMax,EtaMes,1.81,4.73,1.38,1.97,24.83,23.14,10.16,0.62,6.89,21.47,6.79,1.07
26,F,*,*,6,San Juan III,CenPotMax,EtaMes,1.81,4.73,1.38,1.97,24.83,23.14,10.16,0.62,6.89,21.47,6.79,1.07
26,F,*,*,7,San Juan III,CenPotMax,EtaMes,0.76,2.18,0.33,1,22.18,22.42,12.65,4.34,1.2,18.24,1.21,0.51
26,F,*,*,8,San Juan III,CenPotMax,EtaMes,0.76,2.18,0.33,1,22.18,22.42,12.65,4.34,1.2,18.24,1.21,0.51
26,F,*,*,9,San Juan III,CenPotMax,EtaMes,0.71,2.28,0.47,1.44,9.99,9.16,7.66,6.76,0.98,14.77,12.09,0.45
26,F,*,*,10,San Juan III,CenPotMax,EtaMes,0.71,2.28,0.47,1.44,9.99,9.16,7.66,6.76,0.98,14.77,12.09,0.45
26,F,*,*,11,San Juan III,CenPotMax,EtaMes,1.85,7.4,0.45,3.78,13.09,6.06,7,3.99,8.77,22.83,4.09,7.51
26,F,*,*,12,San Juan III,CenPotMax,EtaMes,1.85,7.4,0.45,3.78,13.09,6.06,7,3.99,8.77,22.83,4.09,7.51
26,F,*,*,13,San Juan III,CenPotMax,EtaMes,8.82,6.26,0.56,6.75,17.06,12.39,11.45,5.14,16.52,26.5,4,14.03
26,F,*,*,14,San Juan III,CenPotMax,EtaMes,8.82,6.26,0.56,6.75,17.06,12.39,11.45,5.14,16.52,26.5,4,14.03
26,F,*,*,15,San Juan III,CenPotMax,EtaMes,16.73,5.38,3.02,7.89,22.11,19.36,15.29,16.01,22.77,25.93,11.47,16.73
26,F,*,*,16,San Juan III,CenPotMax,EtaMes,16.73,5.38,3.02,7.89,22.11,19.36,15.29,16.01,22.77,25.93,11.47,16.73
27,F,*,*,1,San Juan IV,CenPotMax,EtaMes,22.82,3.09,9.72,5.93,28.11,27.8,21.04,13.43,25.36,28.41,22.08,18.24
27,F,*,*,2,San Juan IV,CenPotMax,EtaMes,22.82,3.09,9.72,5.93,28.11,27.8,21.04,13.43,25.36,28.41,22.08,18.24
27,F,*,*,3,San Juan IV,CenPotMax,EtaMes,16.8,3.89,8.29,0.78,26.72,26.82,16.92,0.5,19.97,28.57,18.64,10.51
27,F,*,*,4,San Juan IV,CenPotMax,EtaMes,16.8,3.89,8.29,0.78,26.72,26.82,16.92,0.5,19.97,28.57,18.64,10.51
27,F,*,*,5,San Juan IV,CenPotMax,EtaMes,2.01,5.25,1.54,2.18,27.59,25.71,11.29,0.69,7.66,23.86,7.54,1.19
27,F,*,*,6,San Juan IV,CenPotMax,EtaMes,2.01,5.25,1.54,2.18,27.59,25.71,11.29,0.69,7.66,23.86,7.54,1.19
27,F,*,*,7,San Juan IV,CenPotMax,EtaMes,0.85,2.43,0.37,1.11,24.64,24.91,14.05,4.82,1.33,20.26,1.34,0.57
27,F,*,*,8,San Juan IV,CenPotMax,EtaMes,0.85,2.43,0.37,1.11,24.64,24.91,14.05,4.82,1.33,20.26,1.34,0.57
27,F,*,*,9,San Juan IV,CenPotMax,EtaMes,0.79,2.53,0.52,1.59,11.1,10.17,8.51,7.51,1.09,16.41,13.43,0.5
27,F,*,*,10,San Juan IV,CenPotMax,EtaMes,0.79,2.53,0.52,1.59,11.1,10.17,8.51,7.51,1.09,16.41,13.43,0.5
27,F,*,*,11,San Juan IV,CenPotMax,EtaMes,2.05,8.23,0.5,4.21,14.54,6.73,7.78,4.43,9.74,25.37,4.55,8.35
27,F,*,*,12,San Juan IV,CenPotMax,EtaMes,2.05,8.23,0.5,4.21,14.54,6.73,7.78,4.43,9.74,25.37,4.55,8.35
27,F,*,*,13,San Juan IV,CenPotMax,EtaMes,9.8,6.96,0.62,7.5,18.95,13.77,12.72,5.71,18.35,29.45,4.44,15.59
27,F,*,*,14,San Juan IV,CenPotMax,EtaMes,9.8,6.96,0.62,7.5,18.95,13.77,12.72,5.71,18.35,29.45,4.44,15.59
27,F,*,*,15,San Juan IV,CenPotMax,EtaMes,18.59,5.98,3.35,8.77,24.56,21.51,16.99,17.79,25.3,28.81,12.75,18.59
27,F,*,*,16,San Juan IV,CenPotMax,EtaMes,18.59,5.98,3.35,8.77,24.56,21.51,16.99,17.79,25.3,28.81,12.75,18.59
28,F,*,*,1,San Juan V,CenPotMax,EtaMes,18.25,2.47,7.78,4.74,22.49,22.24,16.83,10.74,20.29,22.73,17.67,14.59
28,F,*,*,2,San Juan V,CenPotMax,EtaMes,18.25,2.47,7.78,4.74,22.49,22.24,16.83,10.74,20.29,22.73,17.67,14.59
28,F,*,*,3,San Juan V,CenPotMax,EtaMes,13.44,3.11,6.63,0.62,21.38,21.46,13.54,0.4,15.97,22.86,14.91,8.41
28,F,*,*,4,San Juan V,CenPotMax,EtaMes,13.44,3.11,6.63,0.62,21.38,21.46,13.54,0.4,15.97,22.86,14.91,8.41
28,F,*,*,5,San Juan V,CenPotMax,EtaMes,1.61,4.2,1.23,1.75,22.07,20.57,9.03,0.55,6.13,19.09,6.03,0.95
28,F,*,*,6,San Juan V,CenPotMax,EtaMes,1.61,4.2,1.23,1.75,22.07,20.57,9.03,0.55,6.13,19.09,6.03,0.95
28,F,*,*,7,San Juan V,CenPotMax,EtaMes,0.68,1.94,0.3,0.89,19.71,19.93,11.24,3.86,1.06,16.21,1.07,0.45
28,F,*,*,8,San Juan V,CenPotMax,EtaMes,0.68,1.94,0.3,0.89,19.71,19.93,11.24,3.86,1.06,16.21,1.07,0.45
28,F,*,*,9,San Juan V,CenPotMax,EtaMes,0.63,2.02,0.42,1.28,8.88,8.14,6.81,6.01,0.87,13.13,10.74,0.4
28,F,*,*,10,San Juan V,CenPotMax,EtaMes,0.63,2.02,0.42,1.28,8.88,8.14,6.81,6.01,0.87,13.13,10.74,0.4
28,F,*,*,11,San Juan V,CenPotMax,EtaMes,1.64,6.58,0.4,3.36,11.63,5.38,6.22,3.55,7.79,20.3,3.64,6.68
28,F,*,*,12,San Juan V,CenPotMax,EtaMes,1.64,6.58,0.4,3.36,11.63,5.38,6.22,3.55,7.79,20.3,3.64,6.68
28,F,*,*,13,San Juan V,CenPotMax,EtaMes,7.84,5.57,0.5,6,15.16,11.01,10.18,4.57,14.68,23.56,3.56,12.47
28,F,*,*,14,San Juan V,CenPotMax,EtaMes,7.84,5.57,0.5,6,15.16,11.01,10.18,4.57,14.68,23.56,3.56,12.47
28,F,*,*,15,San Juan V,CenPotMax,EtaMes,14.87,4.78,2.68,7.02,19.65,17.21,13.59,14.23,20.24,23.05,10.2,14.87
28,F,*,*,16,San Juan V,CenPotMax,EtaMes,14.87,4.78,2.68,7.02,19.65,17.21,13.59,14.23,20.24,23.05,10.2,14.87
29,F,*,*,1,San Juan VI,CenPotMax,EtaMes,22.82,3.09,9.72,5.93,28.11,27.8,21.04,13.43,25.36,28.41,22.08,18.24
29,F,*,*,2,San Juan VI,CenPotMax,EtaMes,22.82,3.09,9.72,5.93,28.11,27.8,21.04,13.43,25.36,28.41,22.08,18.24
29,F,*,*,3,San Juan VI,CenPotMax,EtaMes,16.8,3.89,8.29,0.78,26.72,26.82,16.92,0.5,19.97,28.57,18.64,10.51
29,F,*,*,4,San Juan VI,CenPotMax,EtaMes,16.8,3.89,8.29,0.78,26.72,26.82,16.92,0.5,19.97,28.57,18.64,10.51
29,F,*,*,5,San Juan VI,CenPotMax,EtaMes,2.01,5.25,1.54,2.18,27.59,25.71,11.29,0.69,7.66,23.86,7.54,1.19
29,F,*,*,6,San Juan VI,CenPotMax,EtaMes,2.01,5.25,1.54,2.18,27.59,25.71,11.29,0.69,7.66,23.86,7.54,1.19
29,F,*,*,7,San Juan VI,CenPotMax,EtaMes,0.85,2.43,0.37,1.11,24.64,24.91,14.05,4.82,1.33,20.26,1.34,0.57
29,F,*,*,8,San Juan VI,CenPotMax,EtaMes,0.85,2.43,0.37,1.11,24.64,24.91,14.05,4.82,1.33,20.26,1.34,0.57
29,F,*,*,9,San Juan VI,CenPotMax,EtaMes,0.79,2.53,0.52,1.59,11.1,10.17,8.51,7.51,1.09,16.41,13.43,0.5
29,F,*,*,10,San Juan VI,CenPotMax,EtaMes,0.79,2.53,0.52,1.59,11.1,10.17,8.51,7.51,1.09,16.41,13.43,0.5
29,F,*,*,11,San Juan VI,CenPotMax,EtaMes,2.05,8.23,0.5,4.21,14.54,6.73,7.78,4.43,9.74,25.37,4.55,8.35
29,F,*,*,12,San Juan VI,CenPotMax,EtaMes,2.05,8.23,0.5,4.21,14.54,6.73,7.78,4.43,9.74,25.37,4.55,8.35
29,F,*,*,13,San Juan VI,CenPotMax,EtaMes,9.8,6.96,0.62,7.5,18.95,13.77,12.72,5.71,18.35,29.45,4.44,15.59
29,F,*,*,14,San Juan VI,CenPotMax,EtaMes,9.8,6.96,0.62,7.5,18.95,13.77,12.72,5.71,18.35,29.45,4.44,15.59
29,F,*,*,15,San Juan VI,CenPotMax,EtaMes,18.59,5.98,3.35,8.77,24.56,21.51,16.99,17.79,25.3,28.81,12.75,18.59
29,F,*,*,16,San Juan VI,CenPotMax,EtaMes,18.59,5.98,3.35,8.77,24.56,21.51,16.99,17.79,25.3,28.81,12.75,18.59
30,F,*,*,1,Raki,CenPotMax,EtaMes,0.73,2.54,3.86,5.95,0.8,0.03,2.02,3.88,0.28,2.5,6.85,2.37
30,F,*,*,2,Raki,CenPotMax,EtaMes,0.73,2.54,3.86,5.95,0.8,0.03,2.02,3.88,0.28,2.5,6.85,2.37
30,F,*,*,3,Raki,CenPotMax,EtaMes,0.2,3.42,2.55,5.83,0.1,0.1,1.82,5.55,0.11,0.92,4.37,2.24
30,F,*,*,4,Raki,CenPotMax,EtaMes,0.2,3.42,2.55,5.83,0.1,0.1,1.82,5.55,0.11,0.92,4.37,2.24
30,F,*,*,5,Raki,CenPotMax,EtaMes,0.13,5.26,5.28,6.11,0.05,0.66,2.52,6.56,0.1,0.6,4.02,2.4
30,F,*,*,6,Raki,CenPotMax,EtaMes,0.13,5.26,5.28,6.11,0.05,0.66,2.52,6.56,0.1,0.6,4.02,2.4
30,F,*,*,7,Raki,CenPotMax,EtaMes,0.02,4.94,6.48,7.79,0.05,0.99,3.23,6,0,0.18,2.34,2.28
30,F,*,*,8,Raki,CenPotMax,EtaMes,0.02,4.94,6.48,7.79,0.05,0.99,3.23,6,0,0.18,2.34,2.28
30,F,*,*,9,Raki,CenPotMax,EtaMes,0.04,4.07,4.3,7.66,0.34,2.54,3.65,4.49,0.23,0.18,0.58,1.35
30,F,*,*,10,Raki,CenPotMax,EtaMes,0.04,4.07,4.3,7.66,0.34,2.54,3.65,4.49,0.23,0.18,0.58,1.35
30,F,*,*,11,Raki,CenPotMax,EtaMes,0.21,3.49,3.42,7.35,0.36,3.23,3.03,3.94,0.27,0.44,0.21,1.47
30,F,*,*,12,Raki,CenPotMax,EtaMes,0.21,3.49,3.42,7.35,0.36,3.23,3.03,3.94,0.27,0.44,0.21,1.47
30,F,*,*,13,Raki,CenPotMax,EtaMes,0.34,3.54,2.31,5.29,0.56,2.6,3.25,5.83,0.35,0.41,0.17,1.39
30,F,*,*,14,Raki,CenPotMax,EtaMes,0.34,3.54,2.31,5.29,0.56,2.6,3.25,5.83,0.35,0.41,0.17,1.39
30,F,*,*,15,Raki,CenPotMax,EtaMes,1.02,2.46,3.45,5.15,0.61,0.68,2.42,5.01,0.39,0.23,0.06,1.02
30,F,*,*,16,Raki,CenPotMax,EtaMes,1.02,2.46,3.45,5.15,0.61,0.68,2.42,5.01,0.39,0.23,0.06,1.02
31,F,*,*,1,Eolica Maitencillo 01,CenPotMax,EtaMes,147.8614719,93.92207792,6.008658009,30.82251082,15.27272727,130.7186147,66.37229437,168.2943723,2.909090909,3.0995671,163.2034632,28.95238095
31,F,*,*,2,Eolica Maitencillo 01,CenPotMax,EtaMes,147.8614719,93.92207792,6.008658009,30.82251082,15.27272727,130.7186147,66.37229437,168.2943723,2.909090909,3.0995671,163.2034632,28.95238095
31,F,*,*,3,Eolica Maitencillo 01,CenPotMax,EtaMes,93.55844156,47.27272727,49.99134199,63.86147186,33.55844156,97.28138528,7.151515152,154.4415584,2.943722944,5.662337662,116.0865801,3.567099567
31,F,*,*,4,Eolica Maitencillo 01,CenPotMax,EtaMes,93.55844156,47.27272727,49.99134199,63.86147186,33.55844156,97.28138528,7.151515152,154.4415584,2.943722944,5.662337662,116.0865801,3.567099567
31,F,*,*,5,Eolica Maitencillo 01,CenPotMax,EtaMes,109.95671,37.8008658,46.82251082,180.2424242,15.6017316,69.67965368,1.316017316,148.5887446,14.71861472,22.06060606,13.88744589,3.792207792
31,F,*,*,6,Eolica Maitencillo 01,CenPotMax,EtaMes,109.95671,37.8008658,46.82251082,180.2424242,15.6017316,69.67965368,1.316017316,148.5887446,14.71861472,22.06060606,13.88744589,3.792207792
31,F,*,*,7,Eolica Maitencillo 01,CenPotMax,EtaMes,60.19047619,15.74025974,17.19480519,151.3073593,10.96103896,54.33766234,1.645021645,93.28138528,30.7012987,53.31601732,9.177489177,14.51082251
31,F,*,*,8,Eolica Maitencillo 01,CenPotMax,EtaMes,60.19047619,15.74025974,17.19480519,151.3073593,10.96103896,54.33766234,1.645021645,93.28138528,30.7012987,53.31601732,9.177489177,14.51082251
31,F,*,*,9,Eolica Maitencillo 01,CenPotMax,EtaMes,96.5021645,31.86147186,8.536796537,65.4025974,36.60606061,53.4025974,12.01731602,106.1818182,50.66666667,27.27272727,45.10822511,13.61038961
31,F,*,*,10,Eolica Maitencillo 01,CenPotMax,EtaMes,96.5021645,31.86147186,8.536796537,65.4025974,36.60606061,53.4025974,12.01731602,106.1818182,50.66666667,27.27272727,45.10822511,13.61038961
31,F,*,*,11,Eolica Maitencillo 01,CenPotMax,EtaMes,84.17316017,38.995671,2.406926407,25.92207792,56,52.01731602,24.91774892,184.7619048,11.44588745,7.80952381,171.6363636,92.41558442
31,F,*,*,12,Eolica Maitencillo 01,CenPotMax,EtaMes,84.17316017,38.995671,2.406926407,25.92207792,56,52.01731602,24.91774892,184.7619048,11.44588745,7.80952381,171.6363636,92.41558442
31,F,*,*,13,Eolica Maitencillo 01,CenPotMax,EtaMes,151.8614719,51.74025974,5.298701299,22.23376623,41.78354978,72.69264069,31.42857143,188,4.380952381,6.12987013,185.6969697,150.6839827
31,F,*,*,14,Eolica Maitencillo 01,CenPotMax,EtaMes,151.8614719,51.74025974,5.298701299,22.23376623,41.78354978,72.69264069,31.42857143,188,4.380952381,6.12987013,185.6969697,150.6839827
31,F,*,*,15,Eolica Maitencillo 01,CenPotMax,EtaMes,142.0952381,69.55844156,15.39393939,13.07359307,22.56277056,130.9437229,69.43722944,187.982684,2.805194805,2.493506494,164.4675325,142.0952381
31,F,*,*,16,Eolica Maitencillo 01,CenPotMax,EtaMes,142.0952381,69.55844156,15.39393939,13.07359307,22.56277056,130.9437229,69.43722944,187.982684,2.805194805,2.493506494,164.4675325,142.0952381
32,F,*,*,1,Eolica Mulchen 01,CenPotMax,EtaMes,9.78,44.07,93.54,129.51,47.28,46.08,56.16,48.24,13.23,84.42,115.32,74.49
32,F,*,*,2,Eolica Mulchen 01,CenPotMax,EtaMes,9.78,44.07,93.54,129.51,47.28,46.08,56.16,48.24,13.23,84.42,115.32,74.49
32,F,*,*,3,Eolica Mulchen 01,CenPotMax,EtaMes,9.33,127.5,86.49,130.08,19.89,45.21,61.17,87.24,14.94,6.24,99.96,87.51
32,F,*,*,4,Eolica Mulchen 01,CenPotMax,EtaMes,9.33,127.5,86.49,130.08,19.89,45.21,61.17,87.24,14.94,6.24,99.96,87.51
32,F,*,*,5,Eolica Mulchen 01,CenPotMax,EtaMes,1.17,125.19,121.47,132.96,26.01,10.2,100.8,100.41,36.75,6.27,60.93,80.73
32,F,*,*,6,Eolica Mulchen 01,CenPotMax,EtaMes,1.17,125.19,121.47,132.96,26.01,10.2,100.8,100.41,36.75,6.27,60.93,80.73
32,F,*,*,7,Eolica Mulchen 01,CenPotMax,EtaMes,1.02,103.8,128.94,110.25,25.8,2.4,100.14,88.92,20.37,5.37,31.65,71.04
32,F,*,*,8,Eolica Mulchen 01,CenPotMax,EtaMes,1.02,103.8,128.94,110.25,25.8,2.4,100.14,88.92,20.37,5.37,31.65,71.04
32,F,*,*,9,Eolica Mulchen 01,CenPotMax,EtaMes,2.61,77.55,106.56,120.03,47.37,2.64,94.59,45.69,6.21,4.11,5.31,57.75
32,F,*,*,10,Eolica Mulchen 01,CenPotMax,EtaMes,2.61,77.55,106.56,120.03,47.37,2.64,94.59,45.69,6.21,4.11,5.31,57.75
32,F,*,*,11,Eolica Mulchen 01,CenPotMax,EtaMes,3.03,31.92,102.36,130.95,61.05,15.93,79.29,26.88,5.19,1.89,3.09,44.34
32,F,*,*,12,Eolica Mulchen 01,CenPotMax,EtaMes,3.03,31.92,102.36,130.95,61.05,15.93,79.29,26.88,5.19,1.89,3.09,44.34
32,F,*,*,13,Eolica Mulchen 01,CenPotMax,EtaMes,1.74,48.24,109.38,130.38,43.26,34.56,84.18,34.14,11.88,4.44,10.5,30.18
32,F,*,*,14,Eolica Mulchen 01,CenPotMax,EtaMes,1.74,48.24,109.38,130.38,43.26,34.56,84.18,34.14,11.88,4.44,10.5,30.18
32,F,*,*,15,Eolica Mulchen 01,CenPotMax,EtaMes,33.48,21.36,112.83,121.41,52.29,46.92,80.43,77.19,15.93,33.54,22.59,33.48
32,F,*,*,16,Eolica Mulchen 01,CenPotMax,EtaMes,33.48,21.36,112.83,121.41,52.29,46.92,80.43,77.19,15.93,33.54,22.59,33.48
33,F,*,*,1,Eolica Concepcion 04,CenPotMax,EtaMes,3.26,14.69,31.18,43.17,15.76,15.36,18.72,16.08,4.41,28.14,38.44,24.83
33,F,*,*,2,Eolica Concepcion 04,CenPotMax,EtaMes,3.26,14.69,31.18,43.17,15.76,15.36,18.72,16.08,4.41,28.14,38.44,24.83
33,F,*,*,3,Eolica Concepcion 04,CenPotMax,EtaMes,3.11,42.5,28.83,43.36,6.63,15.07,20.39,29.08,4.98,2.08,33.32,29.17
33,F,*,*,4,Eolica Concepcion 04,CenPotMax,EtaMes,3.11,42.5,28.83,43.36,6.63,15.07,20.39,29.08,4.98,2.08,33.32,29.17
33,F,*,*,5,Eolica Concepcion 04,CenPotMax,EtaMes,0.39,41.73,40.49,44.32,8.67,3.4,33.6,33.47,12.25,2.09,20.31,26.91
33,F,*,*,6,Eolica Concepcion 04,CenPotMax,EtaMes,0.39,41.73,40.49,44.32,8.67,3.4,33.6,33.47,12.25,2.09,20.31,26.91
33,F,*,*,7,Eolica Concepcion 04,CenPotMax,EtaMes,0.34,34.6,42.98,36.75,8.6,0.8,33.38,29.64,6.79,1.79,10.55,23.68
33,F,*,*,8,Eolica Concepcion 04,CenPotMax,EtaMes,0.34,34.6,42.98,36.75,8.6,0.8,33.38,29.64,6.79,1.79,10.55,23.68
33,F,*,*,9,Eolica Concepcion 04,CenPotMax,EtaMes,0.87,25.85,35.52,40.01,15.79,0.88,31.53,15.23,2.07,1.37,1.77,19.25
33,F,*,*,10,Eolica Concepcion 04,CenPotMax,EtaMes,0.87,25.85,35.52,40.01,15.79,0.88,31.53,15.23,2.07,1.37,1.77,19.25
33,F,*,*,11,Eolica Concepcion 04,CenPotMax,EtaMes,1.01,10.64,34.12,43.65,20.35,5.31,26.43,8.96,1.73,0.63,1.03,14.78
33,F,*,*,12,Eolica Concepcion 04,CenPotMax,EtaMes,1.01,10.64,34.12,43.65,20.35,5.31,26.43,8.96,1.73,0.63,1.03,14.78
33,F,*,*,13,Eolica Concepcion 04,CenPotMax,EtaMes,0.58,16.08,36.46,43.46,14.42,11.52,28.06,11.38,3.96,1.48,3.5,10.06
33,F,*,*,14,Eolica Concepcion 04,CenPotMax,EtaMes,0.58,16.08,36.46,43.46,14.42,11.52,28.06,11.38,3.96,1.48,3.5,10.06
33,F,*,*,15,Eolica Concepcion 04,CenPotMax,EtaMes,11.16,7.12,37.61,40.47,17.43,15.64,26.81,25.73,5.31,11.18,7.53,11.16
33,F,*,*,16,Eolica Concepcion 04,CenPotMax,EtaMes,11.16,7.12,37.61,40.47,17.43,15.64,26.81,25.73,5.31,11.18,7.53,11.16
34,F,*,*,1,Eolica Concepcion 05,CenPotMax,EtaMes,3.26,14.69,31.18,43.17,15.76,15.36,18.72,16.08,4.41,28.14,38.44,24.83
34,F,*,*,2,Eolica Concepcion 05,CenPotMax,EtaMes,3.26,14.69,31.18,43.17,15.76,15.36,18.72,16.08,4.41,28.14,38.44,24.83
34,F,*,*,3,Eolica Concepcion 05,CenPotMax,EtaMes,3.11,42.5,28.83,43.36,6.63,15.07,20.39,29.08,4.98,2.08,33.32,29.17
34,F,*,*,4,Eolica Concepcion 05,CenPotMax,EtaMes,3.11,42.5,28.83,43.36,6.63,15.07,20.39,29.08,4.98,2.08,33.32,29.17
34,F,*,*,5,Eolica Concepcion 05,CenPotMax,EtaMes,0.39,41.73,40.49,44.32,8.67,3.4,33.6,33.47,12.25,2.09,20.31,26.91
34,F,*,*,6,Eolica Concepcion 05,CenPotMax,EtaMes,0.39,41.73,40.49,44.32,8.67,3.4,33.6,33.47,12.25,2.09,20.31,26.91
34,F,*,*,7,Eolica Concepcion 05,CenPotMax,EtaMes,0.34,34.6,42.98,36.75,8.6,0.8,33.38,29.64,6.79,1.79,10.55,23.68
34,F,*,*,8,Eolica Concepcion 05,CenPotMax,EtaMes,0.34,34.6,42.98,36.75,8.6,0.8,33.38,29.64,6.79,1.79,10.55,23.68
34,F,*,*,9,Eolica Concepcion 05,CenPotMax,EtaMes,0.87,25.85,35.52,40.01,15.79,0.88,31.53,15.23,2.07,1.37,1.77,19.25
34,F,*,*,10,Eolica Concepcion 05,CenPotMax,EtaMes,0.87,25.85,35.52,40.01,15.79,0.88,31.53,15.23,2.07,1.37,1.77,19.25
34,F,*,*,11,Eolica Concepcion 05,CenPotMax,EtaMes,1.01,10.64,34.12,43.65,20.35,5.31,26.43,8.96,1.73,0.63,1.03,14.78
34,F,*,*,12,Eolica Concepcion 05,CenPotMax,EtaMes,1.01,10.64,34.12,43.65,20.35,5.31,26.43,8.96,1.73,0.63,1.03,14.78
34,F,*,*,13,Eolica Concepcion 05,CenPotMax,EtaMes,0.58,16.08,36.46,43.46,14.42,11.52,28.06,11.38,3.96,1.48,3.5,10.06
34,F,*,*,14,Eolica Concepcion 05,CenPotMax,EtaMes,0.58,16.08,36.46,43.46,14.42,11.52,28.06,11.38,3.96,1.48,3.5,10.06
34,F,*,*,15,Eolica Concepcion 05,CenPotMax,EtaMes,11.16,7.12,37.61,40.47,17.43,15.64,26.81,25.73,5.31,11.18,7.53,11.16
34,F,*,*,16,Eolica Concepcion 05,CenPotMax,EtaMes,11.16,7.12,37.61,40.47,17.43,15.64,26.81,25.73,5.31,11.18,7.53,11.16
35,F,*,*,1,Eolica Concepcion 01,CenPotMax,EtaMes,3.26,14.69,31.18,43.17,15.76,15.36,18.72,16.08,4.41,28.14,38.44,24.83
35,F,*,*,2,Eolica Concepcion 01,CenPotMax,EtaMes,3.26,14.69,31.18,43.17,15.76,15.36,18.72,16.08,4.41,28.14,38.44,24.83
35,F,*,*,3,Eolica Concepcion 01,CenPotMax,EtaMes,3.11,42.5,28.83,43.36,6.63,15.07,20.39,29.08,4.98,2.08,33.32,29.17
35,F,*,*,4,Eolica Concepcion 01,CenPotMax,EtaMes,3.11,42.5,28.83,43.36,6.63,15.07,20.39,29.08,4.98,2.08,33.32,29.17
35,F,*,*,5,Eolica Concepcion 01,CenPotMax,EtaMes,0.39,41.73,40.49,44.32,8.67,3.4,33.6,33.47,12.25,2.09,20.31,26.91
35,F,*,*,6,Eolica Concepcion 01,CenPotMax,EtaMes,0.39,41.73,40.49,44.32,8.67,3.4,33.6,33.47,12.25,2.09,20.31,26.91
35,F,*,*,7,Eolica Concepcion 01,CenPotMax,EtaMes,0.34,34.6,42.98,36.75,8.6,0.8,33.38,29.64,6.79,1.79,10.55,23.68
35,F,*,*,8,Eolica Concepcion 01,CenPotMax,EtaMes,0.34,34.6,42.98,36.75,8.6,0.8,33.38,29.64,6.79,1.79,10.55,23.68
35,F,*,*,9,Eolica Concepcion 01,CenPotMax,EtaMes,0.87,25.85,35.52,40.01,15.79,0.88,31.53,15.23,2.07,1.37,1.77,19.25
35,F,*,*,10,Eolica Concepcion 01,CenPotMax,EtaMes,0.87,25.85,35.52,40.01,15.79,0.88,31.53,15.23,2.07,1.37,1.77,19.25
35,F,*,*,11,Eolica Concepcion 01,CenPotMax,EtaMes,1.01,10.64,34.12,43.65,20.35,5.31,26.43,8.96,1.73,0.63,1.03,14.78
35,F,*,*,12,Eolica Concepcion 01,CenPotMax,EtaMes,1.01,10.64,34.12,43.65,20.35,5.31,26.43,8.96,1.73,0.63,1.03,14.78
35,F,*,*,13,Eolica Concepcion 01,CenPotMax,EtaMes,0.58,16.08,36.46,43.46,14.42,11.52,28.06,11.38,3.96,1.48,3.5,10.06
35,F,*,*,14,Eolica Concepcion 01,CenPotMax,EtaMes,0.58,16.08,36.46,43.46,14.42,11.52,28.06,11.38,3.96,1.48,3.5,10.06
35,F,*,*,15,Eolica Concepcion 01,CenPotMax,EtaMes,11.16,7.12,37.61,40.47,17.43,15.64,26.81,25.73,5.31,11.18,7.53,11.16
35,F,*,*,16,Eolica Concepcion 01,CenPotMax,EtaMes,11.16,7.12,37.61,40.47,17.43,15.64,26.81,25.73,5.31,11.18,7.53,11.16
36,F,*,*,1,Eolica Maitencillo 02,CenPotMax,EtaMes,96.10995671,61.04935065,3.905627706,20.03463203,9.927272727,84.96709957,43.14199134,109.391342,1.890909091,2.014718615,106.0822511,18.81904762
36,F,*,*,2,Eolica Maitencillo 02,CenPotMax,EtaMes,96.10995671,61.04935065,3.905627706,20.03463203,9.927272727,84.96709957,43.14199134,109.391342,1.890909091,2.014718615,106.0822511,18.81904762
36,F,*,*,3,Eolica Maitencillo 02,CenPotMax,EtaMes,60.81298701,30.72727273,32.49437229,41.50995671,21.81298701,63.23290043,4.648484848,100.387013,1.913419913,3.680519481,75.45627706,2.318614719
36,F,*,*,4,Eolica Maitencillo 02,CenPotMax,EtaMes,60.81298701,30.72727273,32.49437229,41.50995671,21.81298701,63.23290043,4.648484848,100.387013,1.913419913,3.680519481,75.45627706,2.318614719
36,F,*,*,5,Eolica Maitencillo 02,CenPotMax,EtaMes,71.47186147,24.57056277,30.43463203,117.1575758,10.14112554,45.29177489,0.855411255,96.58268398,9.567099567,14.33939394,9.026839827,2.464935065
36,F,*,*,6,Eolica Maitencillo 02,CenPotMax,EtaMes,71.47186147,24.57056277,30.43463203,117.1575758,10.14112554,45.29177489,0.855411255,96.58268398,9.567099567,14.33939394,9.026839827,2.464935065
36,F,*,*,7,Eolica Maitencillo 02,CenPotMax,EtaMes,39.12380952,10.23116883,11.17662338,98.34978355,7.124675325,35.31948052,1.069264069,60.63290043,19.95584416,34.65541126,5.965367965,9.432034632
36,F,*,*,8,Eolica Maitencillo 02,CenPotMax,EtaMes,39.12380952,10.23116883,11.17662338,98.34978355,7.124675325,35.31948052,1.069264069,60.63290043,19.95584416,34.65541126,5.965367965,9.432034632
36,F,*,*,9,Eolica Maitencillo 02,CenPotMax,EtaMes,62.72640693,20.70995671,5.548917749,42.51168831,23.79393939,34.71168831,7.811255411,69.01818182,32.93333333,17.72727273,29.32034632,8.846753247
36,F,*,*,10,Eolica Maitencillo 02,CenPotMax,EtaMes,62.72640693,20.70995671,5.548917749,42.51168831,23.79393939,34.71168831,7.811255411,69.01818182,32.93333333,17.72727273,29.32034632,8.846753247
36,F,*,*,11,Eolica Maitencillo 02,CenPotMax,EtaMes,54.71255411,25.34718615,1.564502165,16.84935065,36.4,33.81125541,16.1965368,120.0952381,7.43982684,5.076190476,111.5636364,60.07012987
36,F,*,*,12,Eolica Maitencillo 02,CenPotMax,EtaMes,54.71255411,25.34718615,1.564502165,16.84935065,36.4,33.81125541,16.1965368,120.0952381,7.43982684,5.076190476,111.5636364,60.07012987
36,F,*,*,13,Eolica Maitencillo 02,CenPotMax,EtaMes,98.70995671,33.63116883,3.444155844,14.45194805,27.15930736,47.25021645,20.42857143,122.2,2.847619048,3.984415584,120.7030303,97.94458874
36,F,*,*,14,Eolica Maitencillo 02,CenPotMax,EtaMes,98.70995671,33.63116883,3.444155844,14.45194805,27.15930736,47.25021645,20.42857143,122.2,2.847619048,3.984415584,120.7030303,97.94458874
36,F,*,*,15,Eolica Maitencillo 02,CenPotMax,EtaMes,92.36190476,45.21298701,10.00606061,8.497835498,14.66580087,85.11341991,45.13419913,122.1887446,1.823376623,1.620779221,106.9038961,92.36190476
36,F,*,*,16,Eolica Maitencillo 02,CenPotMax,EtaMes,92.36190476,45.21298701,10.00606061,8.497835498,14.66580087,85.11341991,45.13419913,122.1887446,1.823376623,1.620779221,106.9038961,92.36190476
37,F,*,*,1,Eolica Charrua 01,CenPotMax,EtaMes,13.02,58.74,124.74,172.66,63.06,61.44,74.88,64.32,17.66,112.56,153.76,99.32
37,F,*,*,2,Eolica Charrua 01,CenPotMax,EtaMes,13.02,58.74,124.74,172.66,63.06,61.44,74.88,64.32,17.66,112.56,153.76,99.32
37,F,*,*,3,Eolica Charrua 01,CenPotMax,EtaMes,12.44,169.98,115.32,173.44,26.52,60.26,81.54,116.34,19.9,8.32,133.3,116.68
37,F,*,*,4,Eolica Charrua 01,CenPotMax,EtaMes,12.44,169.98,115.32,173.44,26.52,60.26,81.54,116.34,19.9,8.32,133.3,116.68
37,F,*,*,5,Eolica Charrua 01,CenPotMax,EtaMes,1.56,166.92,161.94,177.3,34.68,13.6,134.42,133.88,49.02,8.38,81.24,107.62
37,F,*,*,6,Eolica Charrua 01,CenPotMax,EtaMes,1.56,166.92,161.94,177.3,34.68,13.6,134.42,133.88,49.02,8.38,81.24,107.62
37,F,*,*,7,Eolica Charrua 01,CenPotMax,EtaMes,1.34,138.42,171.92,147.02,34.4,3.22,133.52,118.58,27.16,7.16,42.22,94.74
37,F,*,*,8,Eolica Charrua 01,CenPotMax,EtaMes,1.34,138.42,171.92,147.02,34.4,3.22,133.52,118.58,27.16,7.16,42.22,94.74
37,F,*,*,9,Eolica Charrua 01,CenPotMax,EtaMes,3.5,103.38,142.08,160.06,63.18,3.52,126.1,60.92,8.28,5.48,7.06,77.02
37,F,*,*,10,Eolica Charrua 01,CenPotMax,EtaMes,3.5,103.38,142.08,160.06,63.18,3.52,126.1,60.92,8.28,5.48,7.06,77.02
37,F,*,*,11,Eolica Charrua 01,CenPotMax,EtaMes,4.04,42.56,136.48,174.6,81.42,21.24,105.72,35.84,6.9,2.52,4.1,59.12
37,F,*,*,12,Eolica Charrua 01,CenPotMax,EtaMes,4.04,42.56,136.48,174.6,81.42,21.24,105.72,35.84,6.9,2.52,4.1,59.12
37,F,*,*,13,Eolica Charrua 01,CenPotMax,EtaMes,2.32,64.3,145.82,173.86,57.68,46.06,112.22,45.5,15.84,5.94,14,40.24
37,F,*,*,14,Eolica Charrua 01,CenPotMax,EtaMes,2.32,64.3,145.82,173.86,57.68,46.06,112.22,45.5,15.84,5.94,14,40.24
37,F,*,*,15,Eolica Charrua 01,CenPotMax,EtaMes,44.62,28.5,150.42,161.88,69.74,62.58,107.24,102.92,21.24,44.74,30.14,44.62
37,F,*,*,16,Eolica Charrua 01,CenPotMax,EtaMes,44.62,28.5,150.42,161.88,69.74,62.58,107.24,102.92,21.24,44.74,30.14,44.62
38,F,*,*,1,Eolica Ciruelos 01,CenPotMax,EtaMes,9.765,44.055,93.555,129.495,47.295,46.08,56.16,48.24,13.245,84.42,115.32,74.49
38,F,*,*,2,Eolica Ciruelos 01,CenPotMax,EtaMes,9.765,44.055,93.555,129.495,47.295,46.08,56.16,48.24,13.245,84.42,115.32,74.49
38,F,*,*,3,Eolica Ciruelos 01,CenPotMax,EtaMes,9.33,127.485,86.49,130.08,19.89,45.195,61.155,87.255,14.925,6.24,99.975,87.51
38,F,*,*,4,Eolica Ciruelos 01,CenPotMax,EtaMes,9.33,127.485,86.49,130.08,19.89,45.195,61.155,87.255,14.925,6.24,99.975,87.51
38,F,*,*,5,Eolica Ciruelos 01,CenPotMax,EtaMes,1.17,125.19,121.455,132.975,26.01,10.2,100.815,100.41,36.765,6.285,60.93,80.715
38,F,*,*,6,Eolica Ciruelos 01,CenPotMax,EtaMes,1.17,125.19,121.455,132.975,26.01,10.2,100.815,100.41,36.765,6.285,60.93,80.715
38,F,*,*,7,Eolica Ciruelos 01,CenPotMax,EtaMes,1.005,103.815,128.94,110.265,25.8,2.415,100.14,88.935,20.37,5.37,31.665,71.055
38,F,*,*,8,Eolica Ciruelos 01,CenPotMax,EtaMes,1.005,103.815,128.94,110.265,25.8,2.415,100.14,88.935,20.37,5.37,31.665,71.055
38,F,*,*,9,Eolica Ciruelos 01,CenPotMax,EtaMes,2.625,77.535,106.56,120.045,47.385,2.64,94.575,45.69,6.21,4.11,5.295,57.765
38,F,*,*,10,Eolica Ciruelos 01,CenPotMax,EtaMes,2.625,77.535,106.56,120.045,47.385,2.64,94.575,45.69,6.21,4.11,5.295,57.765
38,F,*,*,11,Eolica Ciruelos 01,CenPotMax,EtaMes,3.03,31.92,102.36,130.95,61.065,15.93,79.29,26.88,5.175,1.89,3.075,44.34
38,F,*,*,12,Eolica Ciruelos 01,CenPotMax,EtaMes,3.03,31.92,102.36,130.95,61.065,15.93,79.29,26.88,5.175,1.89,3.075,44.34
38,F,*,*,13,Eolica Ciruelos 01,CenPotMax,EtaMes,1.74,48.225,109.365,130.395,43.26,34.545,84.165,34.125,11.88,4.455,10.5,30.18
38,F,*,*,14,Eolica Ciruelos 01,CenPotMax,EtaMes,1.74,48.225,109.365,130.395,43.26,34.545,84.165,34.125,11.88,4.455,10.5,30.18
38,F,*,*,15,Eolica Ciruelos 01,CenPotMax,EtaMes,33.465,21.375,112.815,121.41,52.305,46.935,80.43,77.19,15.93,33.555,22.605,33.465
38,F,*,*,16,Eolica Ciruelos 01,CenPotMax,EtaMes,33.465,21.375,112.815,121.41,52.305,46.935,80.43,77.19,15.93,33.555,22.605,33.465
39,F,*,*,1,Eolica Charrua 02,CenPotMax,EtaMes,6.51,29.37,62.37,86.33,31.53,30.72,37.44,32.16,8.83,56.28,76.88,49.66
39,F,*,*,2,Eolica Charrua 02,CenPotMax,EtaMes,6.51,29.37,62.37,86.33,31.53,30.72,37.44,32.16,8.83,56.28,76.88,49.66
39,F,*,*,3,Eolica Charrua 02,CenPotMax,EtaMes,6.22,84.99,57.66,86.72,13.26,30.13,40.77,58.17,9.95,4.16,66.65,58.34
39,F,*,*,4,Eolica Charrua 02,CenPotMax,EtaMes,6.22,84.99,57.66,86.72,13.26,30.13,40.77,58.17,9.95,4.16,66.65,58.34
39,F,*,*,5,Eolica Charrua 02,CenPotMax,EtaMes,0.78,83.46,80.97,88.65,17.34,6.8,67.21,66.94,24.51,4.19,40.62,53.81
39,F,*,*,6,Eolica Charrua 02,CenPotMax,EtaMes,0.78,83.46,80.97,88.65,17.34,6.8,67.21,66.94,24.51,4.19,40.62,53.81
39,F,*,*,7,Eolica Charrua 02,CenPotMax,EtaMes,0.67,69.21,85.96,73.51,17.2,1.61,66.76,59.29,13.58,3.58,21.11,47.37
39,F,*,*,8,Eolica Charrua 02,CenPotMax,EtaMes,0.67,69.21,85.96,73.51,17.2,1.61,66.76,59.29,13.58,3.58,21.11,47.37
39,F,*,*,9,Eolica Charrua 02,CenPotMax,EtaMes,1.75,51.69,71.04,80.03,31.59,1.76,63.05,30.46,4.14,2.74,3.53,38.51
39,F,*,*,10,Eolica Charrua 02,CenPotMax,EtaMes,1.75,51.69,71.04,80.03,31.59,1.76,63.05,30.46,4.14,2.74,3.53,38.51
39,F,*,*,11,Eolica Charrua 02,CenPotMax,EtaMes,2.02,21.28,68.24,87.3,40.71,10.62,52.86,17.92,3.45,1.26,2.05,29.56
39,F,*,*,12,Eolica Charrua 02,CenPotMax,EtaMes,2.02,21.28,68.24,87.3,40.71,10.62,52.86,17.92,3.45,1.26,2.05,29.56
39,F,*,*,13,Eolica Charrua 02,CenPotMax,EtaMes,1.16,32.15,72.91,86.93,28.84,23.03,56.11,22.75,7.92,2.97,7,20.12
39,F,*,*,14,Eolica Charrua 02,CenPotMax,EtaMes,1.16,32.15,72.91,86.93,28.84,23.03,56.11,22.75,7.92,2.97,7,20.12
39,F,*,*,15,Eolica Charrua 02,CenPotMax,EtaMes,22.31,14.25,75.21,80.94,34.87,31.29,53.62,51.46,10.62,22.37,15.07,22.31
39,F,*,*,16,Eolica Charrua 02,CenPotMax,EtaMes,22.31,14.25,75.21,80.94,34.87,31.29,53.62,51.46,10.62,22.37,15.07,22.31
40,F,*,*,1,Eolica Charrua 03,CenPotMax,EtaMes,16.28,73.44,155.92,215.84,78.81,76.79,93.6,80.39,22.07,140.69,192.2,124.14
40,F,*,*,2,Eolica Charrua 03,CenPotMax,EtaMes,16.28,73.44,155.92,215.84,78.81,76.79,93.6,80.39,22.07,140.69,192.2,124.14
40,F,*,*,3,Eolica Charrua 03,CenPotMax,EtaMes,15.55,212.49,144.16,216.79,33.14,75.34,101.93,145.42,24.88,10.39,166.62,145.84
40,F,*,*,4,Eolica Charrua 03,CenPotMax,EtaMes,15.55,212.49,144.16,216.79,33.14,75.34,101.93,145.42,24.88,10.39,166.62,145.84
40,F,*,*,5,Eolica Charrua 03,CenPotMax,EtaMes,1.95,208.64,202.43,221.62,43.34,16.99,168.02,167.35,61.26,10.47,101.56,134.54
40,F,*,*,6,Eolica Charrua 03,CenPotMax,EtaMes,1.95,208.64,202.43,221.62,43.34,16.99,168.02,167.35,61.26,10.47,101.56,134.54
40,F,*,*,7,Eolica Charrua 03,CenPotMax,EtaMes,1.69,173.02,214.9,183.77,43,4.02,166.89,148.22,33.95,8.94,52.77,118.42
40,F,*,*,8,Eolica Charrua 03,CenPotMax,EtaMes,1.69,173.02,214.9,183.77,43,4.02,166.89,148.22,33.95,8.94,52.77,118.42
40,F,*,*,9,Eolica Charrua 03,CenPotMax,EtaMes,4.37,129.23,177.6,200.06,78.97,4.4,157.63,76.16,10.34,6.85,8.83,96.27
40,F,*,*,10,Eolica Charrua 03,CenPotMax,EtaMes,4.37,129.23,177.6,200.06,78.97,4.4,157.63,76.16,10.34,6.85,8.83,96.27
40,F,*,*,11,Eolica Charrua 03,CenPotMax,EtaMes,5.04,53.2,170.61,218.24,101.77,26.55,132.14,44.8,8.64,3.15,5.14,73.91
40,F,*,*,12,Eolica Charrua 03,CenPotMax,EtaMes,5.04,53.2,170.61,218.24,101.77,26.55,132.14,44.8,8.64,3.15,5.14,73.91
40,F,*,*,13,Eolica Charrua 03,CenPotMax,EtaMes,2.89,80.38,182.28,217.31,72.09,57.59,140.28,56.88,19.81,7.41,17.49,50.3
40,F,*,*,14,Eolica Charrua 03,CenPotMax,EtaMes,2.89,80.38,182.28,217.31,72.09,57.59,140.28,56.88,19.81,7.41,17.49,50.3
40,F,*,*,15,Eolica Charrua 03,CenPotMax,EtaMes,55.79,35.61,188.03,202.35,87.17,78.22,134.06,128.65,26.55,55.92,37.66,55.79
40,F,*,*,16,Eolica Charrua 03,CenPotMax,EtaMes,55.79,35.61,188.03,202.35,87.17,78.22,134.06,128.65,26.55,55.92,37.66,55.79
41,F,*,*,1,Eolica IV Region 03,CenPotMax,EtaMes,3.96,13.33,13.2,12.47,5.72,21.14,17.14,25.2,14.51,3.43,5.61,1.58
41,F,*,*,2,Eolica IV Region 03,CenPotMax,EtaMes,3.96,13.33,13.2,12.47,5.72,21.14,17.14,25.2,14.51,3.43,5.61,1.58
41,F,*,*,3,Eolica IV Region 03,CenPotMax,EtaMes,2.5,0,17.27,10.39,5.93,7.15,15.09,12.18,7.93,2.02,1.64,0
41,F,*,*,4,Eolica IV Region 03,CenPotMax,EtaMes,2.5,0,17.27,10.39,5.93,7.15,15.09,12.18,7.93,2.02,1.64,0
41,F,*,*,5,Eolica IV Region 03,CenPotMax,EtaMes,0.61,0,9.39,14.09,1.01,8.55,1.72,1.52,10,0,0,0
41,F,*,*,6,Eolica IV Region 03,CenPotMax,EtaMes,0.61,0,9.39,14.09,1.01,8.55,1.72,1.52,10,0,0,0
41,F,*,*,7,Eolica IV Region 03,CenPotMax,EtaMes,0.23,1.62,5.61,6.69,2.15,2.15,1.14,1.72,1.68,0,0,0
41,F,*,*,8,Eolica IV Region 03,CenPotMax,EtaMes,0.23,1.62,5.61,6.69,2.15,2.15,1.14,1.72,1.68,0,0,0
41,F,*,*,9,Eolica IV Region 03,CenPotMax,EtaMes,0.58,9.39,12.36,7.27,5.89,19.7,3.31,17.25,11.01,6.03,7.34,0.59
41,F,*,*,10,Eolica IV Region 03,CenPotMax,EtaMes,0.58,9.39,12.36,7.27,5.89,19.7,3.31,17.25,11.01,6.03,7.34,0.59
41,F,*,*,11,Eolica IV Region 03,CenPotMax,EtaMes,3.13,18.74,14.24,8.94,9.55,40.56,5.61,25.45,18.86,9.7,17.22,0.47
41,F,*,*,12,Eolica IV Region 03,CenPotMax,EtaMes,3.13,18.74,14.24,8.94,9.55,40.56,5.61,25.45,18.86,9.7,17.22,0.47
41,F,*,*,13,Eolica IV Region 03,CenPotMax,EtaMes,1.36,21.06,12.02,8.69,10.51,39.9,5.86,18.89,27.37,10.45,11.01,0
41,F,*,*,14,Eolica IV Region 03,CenPotMax,EtaMes,1.36,21.06,12.02,8.69,10.51,39.9,5.86,18.89,27.37,10.45,11.01,0
41,F,*,*,15,Eolica IV Region 03,CenPotMax,EtaMes,3.5,21.31,16.52,14.07,12.22,41.08,7.61,19.04,29.7,10.24,6.67,3.5
41,F,*,*,16,Eolica IV Region 03,CenPotMax,EtaMes,3.5,21.31,16.52,14.07,12.22,41.08,7.61,19.04,29.7,10.24,6.67,3.5
42,F,*,*,1,Eolica IV Region 04,CenPotMax,EtaMes,3.96,13.33,13.2,12.47,5.72,21.14,17.14,25.2,14.51,3.43,5.61,1.58
42,F,*,*,2,Eolica IV Region 04,CenPotMax,EtaMes,3.96,13.33,13.2,12.47,5.72,21.14,17.14,25.2,14.51,3.43,5.61,1.58
42,F,*,*,3,Eolica IV Region 04,CenPotMax,EtaMes,2.5,0,17.27,10.39,5.93,7.15,15.09,12.18,7.93,2.02,1.64,0
42,F,*,*,4,Eolica IV Region 04,CenPotMax,EtaMes,2.5,0,17.27,10.39,5.93,7.15,15.09,12.18,7.93,2.02,1.64,0
42,F,*,*,5,Eolica IV Region 04,CenPotMax,EtaMes,0.61,0,9.39,14.09,1.01,8.55,1.72,1.52,10,0,0,0
42,F,*,*,6,Eolica IV Region 04,CenPotMax,EtaMes,0.61,0,9.39,14.09,1.01,8.55,1.72,1.52,10,0,0,0
42,F,*,*,7,Eolica IV Region 04,CenPotMax,EtaMes,0.23,1.62,5.61,6.69,2.15,2.15,1.14,1.72,1.68,0,0,0
42,F,*,*,8,Eolica IV Region 04,CenPotMax,EtaMes,0.23,1.62,5.61,6.69,2.15,2.15,1.14,1.72,1.68,0,0,0
42,F,*,*,9,Eolica IV Region 04,CenPotMax,EtaMes,0.58,9.39,12.36,7.27,5.89,19.7,3.31,17.25,11.01,6.03,7.34,0.59
42,F,*,*,10,Eolica IV Region 04,CenPotMax,EtaMes,0.58,9.39,12.36,7.27,5.89,19.7,3.31,17.25,11.01,6.03,7.34,0.59
42,F,*,*,11,Eolica IV Region 04,CenPotMax,EtaMes,3.13,18.74,14.24,8.94,9.55,40.56,5.61,25.45,18.86,9.7,17.22,0.47
42,F,*,*,12,Eolica IV Region 04,CenPotMax,EtaMes,3.13,18.74,14.24,8.94,9.55,40.56,5.61,25.45,18.86,9.7,17.22,0.47
42,F,*,*,13,Eolica IV Region 04,CenPotMax,EtaMes,1.36,21.06,12.02,8.69,10.51,39.9,5.86,18.89,27.37,10.45,11.01,0
42,F,*,*,14,Eolica IV Region 04,CenPotMax,EtaMes,1.36,21.06,12.02,8.69,10.51,39.9,5.86,18.89,27.37,10.45,11.01,0
42,F,*,*,15,Eolica IV Region 04,CenPotMax,EtaMes,3.5,21.31,16.52,14.07,12.22,41.08,7.61,19.04,29.7,10.24,6.67,3.5
42,F,*,*,16,Eolica IV Region 04,CenPotMax,EtaMes,3.5,21.31,16.52,14.07,12.22,41.08,7.61,19.04,29.7,10.24,6.67,3.5
43,F,*,*,1,Eolica IV Region 01,CenPotMax,EtaMes,34.57,4.67,14.73,8.99,42.6,42.12,31.87,20.34,38.43,43.05,33.46,27.64
43,F,*,*,2,Eolica IV Region 01,CenPotMax,EtaMes,34.57,4.67,14.73,8.99,42.6,42.12,31.87,20.34,38.43,43.05,33.46,27.64
43,F,*,*,3,Eolica IV Region 01,CenPotMax,EtaMes,25.45,5.89,12.56,1.18,40.49,40.64,25.64,0.75,30.25,43.29,28.24,15.93
43,F,*,*,4,Eolica IV Region 01,CenPotMax,EtaMes,25.45,5.89,12.56,1.18,40.49,40.64,25.64,0.75,30.25,43.29,28.24,15.93
43,F,*,*,5,Eolica IV Region 01,CenPotMax,EtaMes,3.04,7.96,2.33,3.31,41.8,38.95,17.1,1.05,11.61,36.15,11.43,1.8
43,F,*,*,6,Eolica IV Region 01,CenPotMax,EtaMes,3.04,7.96,2.33,3.31,41.8,38.95,17.1,1.05,11.61,36.15,11.43,1.8
43,F,*,*,7,Eolica IV Region 01,CenPotMax,EtaMes,1.29,3.68,0.56,1.68,37.34,37.75,21.3,7.3,2.01,30.7,2.03,0.86
43,F,*,*,8,Eolica IV Region 01,CenPotMax,EtaMes,1.29,3.68,0.56,1.68,37.34,37.75,21.3,7.3,2.01,30.7,2.03,0.86
43,F,*,*,9,Eolica IV Region 01,CenPotMax,EtaMes,1.2,3.83,0.79,2.42,16.81,15.42,12.9,11.38,1.65,24.86,20.35,0.76
43,F,*,*,10,Eolica IV Region 01,CenPotMax,EtaMes,1.2,3.83,0.79,2.42,16.81,15.42,12.9,11.38,1.65,24.86,20.35,0.76
43,F,*,*,11,Eolica IV Region 01,CenPotMax,EtaMes,3.11,12.47,0.76,6.37,22.03,10.2,11.78,6.72,14.76,38.44,6.89,12.65
43,F,*,*,12,Eolica IV Region 01,CenPotMax,EtaMes,3.11,12.47,0.76,6.37,22.03,10.2,11.78,6.72,14.76,38.44,6.89,12.65
43,F,*,*,13,Eolica IV Region 01,CenPotMax,EtaMes,14.84,10.54,0.94,11.36,28.72,20.86,19.28,8.65,27.81,44.62,6.73,23.62
43,F,*,*,14,Eolica IV Region 01,CenPotMax,EtaMes,14.84,10.54,0.94,11.36,28.72,20.86,19.28,8.65,27.81,44.62,6.73,23.62
43,F,*,*,15,Eolica IV Region 01,CenPotMax,EtaMes,28.16,9.05,5.08,13.29,37.22,32.6,25.74,26.95,38.33,43.65,19.32,28.16
43,F,*,*,16,Eolica IV Region 01,CenPotMax,EtaMes,28.16,9.05,5.08,13.29,37.22,32.6,25.74,26.95,38.33,43.65,19.32,28.16
44,F,*,*,1,Eolica IV Region 02,CenPotMax,EtaMes,34.57,4.67,14.73,8.99,42.6,42.12,31.87,20.34,38.43,43.05,33.46,27.64
44,F,*,*,2,Eolica IV Region 02,CenPotMax,EtaMes,34.57,4.67,14.73,8.99,42.6,42.12,31.87,20.34,38.43,43.05,33.46,27.64
44,F,*,*,3,Eolica IV Region 02,CenPotMax,EtaMes,25.45,5.89,12.56,1.18,40.49,40.64,25.64,0.75,30.25,43.29,28.24,15.93
44,F,*,*,4,Eolica IV Region 02,CenPotMax,EtaMes,25.45,5.89,12.56,1.18,40.49,40.64,25.64,0.75,30.25,43.29,28.24,15.93
44,F,*,*,5,Eolica IV Region 02,CenPotMax,EtaMes,3.04,7.96,2.33,3.31,41.8,38.95,17.1,1.05,11.61,36.15,11.43,1.8
44,F,*,*,6,Eolica IV Region 02,CenPotMax,EtaMes,3.04,7.96,2.33,3.31,41.8,38.95,17.1,1.05,11.61,36.15,11.43,1.8
44,F,*,*,7,Eolica IV Region 02,CenPotMax,EtaMes,1.29,3.68,0.56,1.68,37.34,37.75,21.3,7.3,2.01,30.7,2.03,0.86
44,F,*,*,8,Eolica IV Region 02,CenPotMax,EtaMes,1.29,3.68,0.56,1.68,37.34,37.75,21.3,7.3,2.01,30.7,2.03,0.86
44,F,*,*,9,Eolica IV Region 02,CenPotMax,EtaMes,1.2,3.83,0.79,2.42,16.81,15.42,12.9,11.38,1.65,24.86,20.35,0.76
44,F,*,*,10,Eolica IV Region 02,CenPotMax,EtaMes,1.2,3.83,0.79,2.42,16.81,15.42,12.9,11.38,1.65,24.86,20.35,0.76
44,F,*,*,11,Eolica IV Region 02,CenPotMax,EtaMes,3.11,12.47,0.76,6.37,22.03,10.2,11.78,6.72,14.76,38.44,6.89,12.65
44,F,*,*,12,Eolica IV Region 02,CenPotMax,EtaMes,3.11,12.47,0.76,6.37,22.03,10.2,11.78,6.72,14.76,38.44,6.89,12.65
44,F,*,*,13,Eolica IV Region 02,CenPotMax,EtaMes,14.84,10.54,0.94,11.36,28.72,20.86,19.28,8.65,27.81,44.62,6.73,23.62
44,F,*,*,14,Eolica IV Region 02,CenPotMax,EtaMes,14.84,10.54,0.94,11.36,28.72,20.86,19.28,8.65,27.81,44.62,6.73,23.62
44,F,*,*,15,Eolica IV Region 02,CenPotMax,EtaMes,28.16,9.05,5.08,13.29,37.22,32.6,25.74,26.95,38.33,43.65,19.32,28.16
44,F,*,*,16,Eolica IV Region 02,CenPotMax,EtaMes,28.16,9.05,5.08,13.29,37.22,32.6,25.74,26.95,38.33,43.65,19.32,28.16
45,F,*,*,1,Eolica IV Region 09,CenPotMax,EtaMes,34.57,4.67,14.73,8.99,42.6,42.12,31.87,20.34,38.43,43.05,33.46,27.64
45,F,*,*,2,Eolica IV Region 09,CenPotMax,EtaMes,34.57,4.67,14.73,8.99,42.6,42.12,31.87,20.34,38.43,43.05,33.46,27.64
45,F,*,*,3,Eolica IV Region 09,CenPotMax,EtaMes,25.45,5.89,12.56,1.18,40.49,40.64,25.64,0.75,30.25,43.29,28.24,15.93
45,F,*,*,4,Eolica IV Region 09,CenPotMax,EtaMes,25.45,5.89,12.56,1.18,40.49,40.64,25.64,0.75,30.25,43.29,28.24,15.93
45,F,*,*,5,Eolica IV Region 09,CenPotMax,EtaMes,3.04,7.96,2.33,3.31,41.8,38.95,17.1,1.05,11.61,36.15,11.43,1.8
45,F,*,*,6,Eolica IV Region 09,CenPotMax,EtaMes,3.04,7.96,2.33,3.31,41.8,38.95,17.1,1.05,11.61,36.15,11.43,1.8
45,F,*,*,7,Eolica IV Region 09,CenPotMax,EtaMes,1.29,3.68,0.56,1.68,37.34,37.75,21.3,7.3,2.01,30.7,2.03,0.86
45,F,*,*,8,Eolica IV Region 09,CenPotMax,EtaMes,1.29,3.68,0.56,1.68,37.34,37.75,21.3,7.3,2.01,30.7,2.03,0.86
45,F,*,*,9,Eolica IV Region 09,CenPotMax,EtaMes,1.2,3.83,0.79,2.42,16.81,15.42,12.9,11.38,1.65,24.86,20.35,0.76
45,F,*,*,10,Eolica IV Region 09,CenPotMax,EtaMes,1.2,3.83,0.79,2.42,16.81,15.42,12.9,11.38,1.65,24.86,20.35,0.76
45,F,*,*,11,Eolica IV Region 09,CenPotMax,EtaMes,3.11,12.47,0.76,6.37,22.03,10.2,11.78,6.72,14.76,38.44,6.89,12.65
45,F,*,*,12,Eolica IV Region 09,CenPotMax,EtaMes,3.11,12.47,0.76,6.37,22.03,10.2,11.78,6.72,14.76,38.44,6.89,12.65
45,F,*,*,13,Eolica IV Region 09,CenPotMax,EtaMes,14.84,10.54,0.94,11.36,28.72,20.86,19.28,8.65,27.81,44.62,6.73,23.62
45,F,*,*,14,Eolica IV Region 09,CenPotMax,EtaMes,14.84,10.54,0.94,11.36,28.72,20.86,19.28,8.65,27.81,44.62,6.73,23.62
45,F,*,*,15,Eolica IV Region 09,CenPotMax,EtaMes,28.16,9.05,5.08,13.29,37.22,32.6,25.74,26.95,38.33,43.65,19.32,28.16
45,F,*,*,16,Eolica IV Region 09,CenPotMax,EtaMes,28.16,9.05,5.08,13.29,37.22,32.6,25.74,26.95,38.33,43.65,19.32,28.16
46,F,*,*,1,Eolica IV Region 05,CenPotMax,EtaMes,15.79,18.97,23.29,10.8,6.38,0.39,19.81,0,21.33,10.26,15.65,1.62
46,F,*,*,2,Eolica IV Region 05,CenPotMax,EtaMes,15.79,18.97,23.29,10.8,6.38,0.39,19.81,0,21.33,10.26,15.65,1.62
46,F,*,*,3,Eolica IV Region 05,CenPotMax,EtaMes,8.08,0,19.5,10.33,5.91,1.56,27.36,0,10.63,5.38,6.59,0
46,F,*,*,4,Eolica IV Region 05,CenPotMax,EtaMes,8.08,0,19.5,10.33,5.91,1.56,27.36,0,10.63,5.38,6.59,0
46,F,*,*,5,Eolica IV Region 05,CenPotMax,EtaMes,1.67,0.48,17.74,14.24,9.02,1.55,12.45,0,8.91,0.63,5.26,0
46,F,*,*,6,Eolica IV Region 05,CenPotMax,EtaMes,1.67,0.48,17.74,14.24,9.02,1.55,12.45,0,8.91,0.63,5.26,0
46,F,*,*,7,Eolica IV Region 05,CenPotMax,EtaMes,0.52,2.57,30.25,14.84,7.79,2.26,5.87,0,7.55,0,2.54,0
46,F,*,*,8,Eolica IV Region 05,CenPotMax,EtaMes,0.52,2.57,30.25,14.84,7.79,2.26,5.87,0,7.55,0,2.54,0
46,F,*,*,9,Eolica IV Region 05,CenPotMax,EtaMes,8.78,11.96,19.16,15.55,7.61,1.54,17.6,0,14.3,6.4,7.73,0.32
46,F,*,*,10,Eolica IV Region 05,CenPotMax,EtaMes,8.78,11.96,19.16,15.55,7.61,1.54,17.6,0,14.3,6.4,7.73,0.32
46,F,*,*,11,Eolica IV Region 05,CenPotMax,EtaMes,9.87,17.13,33.17,22.72,8.91,3.52,23.3,0,32.57,16.11,23.04,2.68
46,F,*,*,12,Eolica IV Region 05,CenPotMax,EtaMes,9.87,17.13,33.17,22.72,8.91,3.52,23.3,0,32.57,16.11,23.04,2.68
46,F,*,*,13,Eolica IV Region 05,CenPotMax,EtaMes,11.07,21.87,35.52,23.52,13.61,7.35,23.74,0,36.85,15.89,27.11,9.04
46,F,*,*,14,Eolica IV Region 05,CenPotMax,EtaMes,11.07,21.87,35.52,23.52,13.61,7.35,23.74,0,36.85,15.89,27.11,9.04
46,F,*,*,15,Eolica IV Region 05,CenPotMax,EtaMes,8.33,28.33,27.76,15.65,14.51,12.45,17.68,0,43.3,15.13,14.01,8.33
46,F,*,*,16,Eolica IV Region 05,CenPotMax,EtaMes,8.33,28.33,27.76,15.65,14.51,12.45,17.68,0,43.3,15.13,14.01,8.33
47,F,*,*,1,Eolica IV Region 08,CenPotMax,EtaMes,18.84,15.18,20.13,7.15,13.06,16.51,22.09,33.58,24.1,17.68,16.79,4.63
47,F,*,*,2,Eolica IV Region 08,CenPotMax,EtaMes,18.84,15.18,20.13,7.15,13.06,16.51,22.09,33.58,24.1,17.68,16.79,4.63
47,F,*,*,3,Eolica IV Region 08,CenPotMax,EtaMes,16.55,0,23.46,18.39,7.54,4.08,26.2,28.39,22.18,12.38,7.2,0.62
47,F,*,*,4,Eolica IV Region 08,CenPotMax,EtaMes,16.55,0,23.46,18.39,7.54,4.08,26.2,28.39,22.18,12.38,7.2,0.62
47,F,*,*,5,Eolica IV Region 08,CenPotMax,EtaMes,7.73,0.17,25.38,14.95,13.17,2.3,17.19,20.69,23.19,2.12,3.01,0
47,F,*,*,6,Eolica IV Region 08,CenPotMax,EtaMes,7.73,0.17,25.38,14.95,13.17,2.3,17.19,20.69,23.19,2.12,3.01,0
47,F,*,*,7,Eolica IV Region 08,CenPotMax,EtaMes,3.63,6.89,25,20.76,10.11,8.16,2.99,14.27,12.33,0,1.61,0.03
47,F,*,*,8,Eolica IV Region 08,CenPotMax,EtaMes,3.63,6.89,25,20.76,10.11,8.16,2.99,14.27,12.33,0,1.61,0.03
47,F,*,*,9,Eolica IV Region 08,CenPotMax,EtaMes,15.85,11.17,19.77,18.47,8.78,19.97,10.05,29.45,19.92,11.02,8.64,0.75
47,F,*,*,10,Eolica IV Region 08,CenPotMax,EtaMes,15.85,11.17,19.77,18.47,8.78,19.97,10.05,29.45,19.92,11.02,8.64,0.75
47,F,*,*,11,Eolica IV Region 08,CenPotMax,EtaMes,18.57,19.39,27.02,19.15,9.95,26.68,18.57,38.14,34.63,22.88,22.95,6.36
47,F,*,*,12,Eolica IV Region 08,CenPotMax,EtaMes,18.57,19.39,27.02,19.15,9.95,26.68,18.57,38.14,34.63,22.88,22.95,6.36
47,F,*,*,13,Eolica IV Region 08,CenPotMax,EtaMes,14.81,26.33,28.66,20.38,16.21,33.72,19.08,39.33,35.29,23.67,26.88,13.89
47,F,*,*,14,Eolica IV Region 08,CenPotMax,EtaMes,14.81,26.33,28.66,20.38,16.21,33.72,19.08,39.33,35.29,23.67,26.88,13.89
47,F,*,*,15,Eolica IV Region 08,CenPotMax,EtaMes,11.01,26.68,23.26,21.77,20.93,33.93,17.99,39.3,35.12,23.44,21.87,11.01
47,F,*,*,16,Eolica IV Region 08,CenPotMax,EtaMes,11.01,26.68,23.26,21.77,20.93,33.93,17.99,39.3,35.12,23.44,21.87,11.01
48,F,*,*,1,Eolica Puerto Montt 01,CenPotMax,EtaMes,52.335,73.335,59.19,131.64,5.49,28.32,38.775,82.08,2.175,4.59,48.21,73.59
48,F,*,*,2,Eolica Puerto Montt 01,CenPotMax,EtaMes,52.335,73.335,59.19,131.64,5.49,28.32,38.775,82.08,2.175,4.59,48.21,73.59
48,F,*,*,3,Eolica Puerto Montt 01,CenPotMax,EtaMes,23.055,0.57,124.995,133.29,13.26,68.88,16.53,109.05,8.04,9.375,92.025,93.36
48,F,*,*,4,Eolica Puerto Montt 01,CenPotMax,EtaMes,23.055,0.57,124.995,133.29,13.26,68.88,16.53,109.05,8.04,9.375,92.025,93.36
48,F,*,*,5,Eolica Puerto Montt 01,CenPotMax,EtaMes,11.865,4.59,79.785,131.055,8.985,63.525,33.675,67.545,1.53,8.415,101.595,37.11
48,F,*,*,6,Eolica Puerto Montt 01,CenPotMax,EtaMes,11.865,4.59,79.785,131.055,8.985,63.525,33.675,67.545,1.53,8.415,101.595,37.11
48,F,*,*,7,Eolica Puerto Montt 01,CenPotMax,EtaMes,0.675,30.36,49.845,129.72,0.855,34.95,28.44,47.955,1.02,7.08,79.785,12.24
48,F,*,*,8,Eolica Puerto Montt 01,CenPotMax,EtaMes,0.675,30.36,49.845,129.72,0.855,34.95,28.44,47.955,1.02,7.08,79.785,12.24
48,F,*,*,9,Eolica Puerto Montt 01,CenPotMax,EtaMes,0.675,89.73,6.255,130.095,0.135,1.155,52.515,61.305,8.565,0,34.875,0
48,F,*,*,10,Eolica Puerto Montt 01,CenPotMax,EtaMes,0.675,89.73,6.255,130.095,0.135,1.155,52.515,61.305,8.565,0,34.875,0
48,F,*,*,11,Eolica Puerto Montt 01,CenPotMax,EtaMes,9.765,111.165,2.295,132.78,0,0,56.64,45.66,6.255,0,75.39,0.255
48,F,*,*,12,Eolica Puerto Montt 01,CenPotMax,EtaMes,9.765,111.165,2.295,132.78,0,0,56.64,45.66,6.255,0,75.39,0.255
48,F,*,*,13,Eolica Puerto Montt 01,CenPotMax,EtaMes,35.4,126.465,12.24,133.17,0,0,47.07,11.475,5.745,0.57,88.965,0
48,F,*,*,14,Eolica Puerto Montt 01,CenPotMax,EtaMes,35.4,126.465,12.24,133.17,0,0,47.07,11.475,5.745,0.57,88.965,0
48,F,*,*,15,Eolica Puerto Montt 01,CenPotMax,EtaMes,0.135,124.365,8.61,133.35,0,3.315,46.305,27.93,9.57,2.55,64.665,0.135
48,F,*,*,16,Eolica Puerto Montt 01,CenPotMax,EtaMes,0.135,124.365,8.61,133.35,0,3.315,46.305,27.93,9.57,2.55,64.665,0.135
49,F,*,*,1,Eolica Chiloe 02,CenPotMax,EtaMes,34.89,48.89,39.46,87.76,3.66,18.88,25.85,54.72,1.45,3.06,32.14,49.06
49,F,*,*,2,Eolica Chiloe 02,CenPotMax,EtaMes,34.89,48.89,39.46,87.76,3.66,18.88,25.85,54.72,1.45,3.06,32.14,49.06
49,F,*,*,3,Eolica Chiloe 02,CenPotMax,EtaMes,15.37,0.38,83.33,88.86,8.84,45.92,11.02,72.7,5.36,6.25,61.35,62.24
49,F,*,*,4,Eolica Chiloe 02,CenPotMax,EtaMes,15.37,0.38,83.33,88.86,8.84,45.92,11.02,72.7,5.36,6.25,61.35,62.24
49,F,*,*,5,Eolica Chiloe 02,CenPotMax,EtaMes,7.91,3.06,53.19,87.37,5.99,42.35,22.45,45.03,1.02,5.61,67.73,24.74
49,F,*,*,6,Eolica Chiloe 02,CenPotMax,EtaMes,7.91,3.06,53.19,87.37,5.99,42.35,22.45,45.03,1.02,5.61,67.73,24.74
49,F,*,*,7,Eolica Chiloe 02,CenPotMax,EtaMes,0.45,20.24,33.23,86.48,0.57,23.3,18.96,31.97,0.68,4.72,53.19,8.16
49,F,*,*,8,Eolica Chiloe 02,CenPotMax,EtaMes,0.45,20.24,33.23,86.48,0.57,23.3,18.96,31.97,0.68,4.72,53.19,8.16
49,F,*,*,9,Eolica Chiloe 02,CenPotMax,EtaMes,0.45,59.82,4.17,86.73,0.09,0.77,35.01,40.87,5.71,0,23.25,0
49,F,*,*,10,Eolica Chiloe 02,CenPotMax,EtaMes,0.45,59.82,4.17,86.73,0.09,0.77,35.01,40.87,5.71,0,23.25,0
49,F,*,*,11,Eolica Chiloe 02,CenPotMax,EtaMes,6.51,74.11,1.53,88.52,0,0,37.76,30.44,4.17,0,50.26,0.17
49,F,*,*,12,Eolica Chiloe 02,CenPotMax,EtaMes,6.51,74.11,1.53,88.52,0,0,37.76,30.44,4.17,0,50.26,0.17
49,F,*,*,13,Eolica Chiloe 02,CenPotMax,EtaMes,23.6,84.31,8.16,88.78,0,0,31.38,7.65,3.83,0.38,59.31,0
49,F,*,*,14,Eolica Chiloe 02,CenPotMax,EtaMes,23.6,84.31,8.16,88.78,0,0,31.38,7.65,3.83,0.38,59.31,0
49,F,*,*,15,Eolica Chiloe 02,CenPotMax,EtaMes,0.09,82.91,5.74,88.9,0,2.21,30.87,18.62,6.38,1.7,43.11,0.09
49,F,*,*,16,Eolica Chiloe 02,CenPotMax,EtaMes,0.09,82.91,5.74,88.9,0,2.21,30.87,18.62,6.38,1.7,43.11,0.09
50,F,*,*,1,Eolica Chiloe 03,CenPotMax,EtaMes,34.89,48.89,39.46,87.76,3.66,18.88,25.85,54.72,1.45,3.06,32.14,49.06
50,F,*,*,2,Eolica Chiloe 03,CenPotMax,EtaMes,34.89,48.89,39.46,87.76,3.66,18.88,25.85,54.72,1.45,3.06,32.14,49.06
50,F,*,*,3,Eolica Chiloe 03,CenPotMax,EtaMes,15.37,0.38,83.33,88.86,8.84,45.92,11.02,72.7,5.36,6.25,61.35,62.24
50,F,*,*,4,Eolica Chiloe 03,CenPotMax,EtaMes,15.37,0.38,83.33,88.86,8.84,45.92,11.02,72.7,5.36,6.25,61.35,62.24
50,F,*,*,5,Eolica Chiloe 03,CenPotMax,EtaMes,7.91,3.06,53.19,87.37,5.99,42.35,22.45,45.03,1.02,5.61,67.73,24.74
50,F,*,*,6,Eolica Chiloe 03,CenPotMax,EtaMes,7.91,3.06,53.19,87.37,5.99,42.35,22.45,45.03,1.02,5.61,67.73,24.74
50,F,*,*,7,Eolica Chiloe 03,CenPotMax,EtaMes,0.45,20.24,33.23,86.48,0.57,23.3,18.96,31.97,0.68,4.72,53.19,8.16
50,F,*,*,8,Eolica Chiloe 03,CenPotMax,EtaMes,0.45,20.24,33.23,86.48,0.57,23.3,18.96,31.97,0.68,4.72,53.19,8.16
50,F,*,*,9,Eolica Chiloe 03,CenPotMax,EtaMes,0.45,59.82,4.17,86.73,0.09,0.77,35.01,40.87,5.71,0,23.25,0
50,F,*,*,10,Eolica Chiloe 03,CenPotMax,EtaMes,0.45,59.82,4.17,86.73,0.09,0.77,35.01,40.87,5.71,0,23.25,0
50,F,*,*,11,Eolica Chiloe 03,CenPotMax,EtaMes,6.51,74.11,1.53,88.52,0,0,37.76,30.44,4.17,0,50.26,0.17
50,F,*,*,12,Eolica Chiloe 03,CenPotMax,EtaMes,6.51,74.11,1.53,88.52,0,0,37.76,30.44,4.17,0,50.26,0.17
50,F,*,*,13,Eolica Chiloe 03,CenPotMax,EtaMes,23.6,84.31,8.16,88.78,0,0,31.38,7.65,3.83,0.38,59.31,0
50,F,*,*,14,Eolica Chiloe 03,CenPotMax,EtaMes,23.6,84.31,8.16,88.78,0,0,31.38,7.65,3.83,0.38,59.31,0
50,F,*,*,15,Eolica Chiloe 03,CenPotMax,EtaMes,0.09,82.91,5.74,88.9,0,2.21,30.87,18.62,6.38,1.7,43.11,0.09
50,F,*,*,16,Eolica Chiloe 03,CenPotMax,EtaMes,0.09,82.91,5.74,88.9,0,2.21,30.87,18.62,6.38,1.7,43.11,0.09
51,F,*,*,1,San Pedro Eólico II,CenPotMax,EtaMes,24.68,34.61,27.93,62.11,2.58,13.36,18.29,38.73,1.03,2.17,22.75,34.72
51,F,*,*,2,San Pedro Eólico II,CenPotMax,EtaMes,24.68,34.61,27.93,62.11,2.58,13.36,18.29,38.73,1.03,2.17,22.75,34.72
51,F,*,*,3,San Pedro Eólico II,CenPotMax,EtaMes,10.87,0.27,58.99,62.89,6.27,32.5,7.8,51.46,3.79,4.42,43.42,44.06
51,F,*,*,4,San Pedro Eólico II,CenPotMax,EtaMes,10.87,0.27,58.99,62.89,6.27,32.5,7.8,51.46,3.79,4.42,43.42,44.06
51,F,*,*,5,San Pedro Eólico II,CenPotMax,EtaMes,5.6,2.17,37.65,61.84,4.24,29.97,15.89,31.87,0.72,3.97,47.94,17.51
51,F,*,*,6,San Pedro Eólico II,CenPotMax,EtaMes,5.6,2.17,37.65,61.84,4.24,29.97,15.89,31.87,0.72,3.97,47.94,17.51
51,F,*,*,7,San Pedro Eólico II,CenPotMax,EtaMes,0.33,14.32,23.53,61.21,0.42,16.48,13.42,22.62,0.49,3.34,37.65,5.78
51,F,*,*,8,San Pedro Eólico II,CenPotMax,EtaMes,0.33,14.32,23.53,61.21,0.42,16.48,13.42,22.62,0.49,3.34,37.65,5.78
51,F,*,*,9,San Pedro Eólico II,CenPotMax,EtaMes,0.31,42.34,2.94,61.39,0.05,0.54,24.77,28.93,4.04,0,16.45,0
51,F,*,*,10,San Pedro Eólico II,CenPotMax,EtaMes,0.31,42.34,2.94,61.39,0.05,0.54,24.77,28.93,4.04,0,16.45,0
51,F,*,*,11,San Pedro Eólico II,CenPotMax,EtaMes,4.6,52.45,1.08,62.65,0,0,26.72,21.54,2.94,0,35.57,0.13
51,F,*,*,12,San Pedro Eólico II,CenPotMax,EtaMes,4.6,52.45,1.08,62.65,0,0,26.72,21.54,2.94,0,35.57,0.13
51,F,*,*,13,San Pedro Eólico II,CenPotMax,EtaMes,16.7,59.67,5.78,62.83,0,0,22.21,5.42,2.71,0.27,41.98,0
51,F,*,*,14,San Pedro Eólico II,CenPotMax,EtaMes,16.7,59.67,5.78,62.83,0,0,22.21,5.42,2.71,0.27,41.98,0
51,F,*,*,15,San Pedro Eólico II,CenPotMax,EtaMes,0.05,58.68,4.06,62.92,0,1.57,21.85,13.18,4.51,1.21,30.51,0.05
51,F,*,*,16,San Pedro Eólico II,CenPotMax,EtaMes,0.05,58.68,4.06,62.92,0,1.57,21.85,13.18,4.51,1.21,30.51,0.05
52,F,*,*,1,Punta Sierra,CenPotMax,EtaMes,20.44,6.62,4.62,0.44,25.99,28.49,5.06,49.86,32.1,20.91,13.29,3.34
52,F,*,*,2,Punta Sierra,CenPotMax,EtaMes,20.44,6.62,4.62,0.44,25.99,28.49,5.06,49.86,32.1,20.91,13.29,3.34
52,F,*,*,3,Punta Sierra,CenPotMax,EtaMes,21.46,0,3.47,5.04,9.18,4.79,19.56,23.84,25.46,12.47,4.4,0.06
52,F,*,*,4,Punta Sierra,CenPotMax,EtaMes,21.46,0,3.47,5.04,9.18,4.79,19.56,23.84,25.46,12.47,4.4,0.06
52,F,*,*,5,Punta Sierra,CenPotMax,EtaMes,6.9,0.88,1.75,3.69,5.07,0.56,3.8,6.5,15.48,1.1,1.31,0
52,F,*,*,6,Punta Sierra,CenPotMax,EtaMes,6.9,0.88,1.75,3.69,5.07,0.56,3.8,6.5,15.48,1.1,1.31,0
52,F,*,*,7,Punta Sierra,CenPotMax,EtaMes,3.83,10.29,9.82,1.72,13.21,1.46,4.02,10.2,17.13,0,1.13,0
52,F,*,*,8,Punta Sierra,CenPotMax,EtaMes,3.83,10.29,9.82,1.72,13.21,1.46,4.02,10.2,17.13,0,1.13,0
52,F,*,*,9,Punta Sierra,CenPotMax,EtaMes,27.86,31.83,21.1,8.15,25.55,4.05,24.24,64.47,52.49,25.52,23.99,0.38
52,F,*,*,10,Punta Sierra,CenPotMax,EtaMes,27.86,31.83,21.1,8.15,25.55,4.05,24.24,64.47,52.49,25.52,23.99,0.38
52,F,*,*,11,Punta Sierra,CenPotMax,EtaMes,30.92,43,31.9,9.05,26.72,6.21,45.7,77.07,76.5,53.69,52.12,8.61
52,F,*,*,12,Punta Sierra,CenPotMax,EtaMes,30.92,43,31.9,9.05,26.72,6.21,45.7,77.07,76.5,53.69,52.12,8.61
52,F,*,*,13,Punta Sierra,CenPotMax,EtaMes,25.11,44.06,29.2,5.55,33.14,32.85,44.53,75.66,76.21,49.86,58.95,18.98
52,F,*,*,14,Punta Sierra,CenPotMax,EtaMes,25.11,44.06,29.2,5.55,33.14,32.85,44.53,75.66,76.21,49.86,58.95,18.98
52,F,*,*,15,Punta Sierra,CenPotMax,EtaMes,14.82,33.32,7.41,0.97,44.11,59.77,14.6,76.29,53.14,41.59,35.06,14.82
52,F,*,*,16,Punta Sierra,CenPotMax,EtaMes,14.82,33.32,7.41,0.97,44.11,59.77,14.6,76.29,53.14,41.59,35.06,14.82
